Workbook

Sheet Main
M1: =SUBTOTAL(9,M4:M226) -> 199 | N1: =SUBTOTAL(9,N4:N226) -> 528 | O1: =SUBTOTAL(9,O4:O226) -> 120 | P1: =SUBTOTAL(9,P4:P226) -> 847 | R1: =SUBTOTAL(9,R4:R226) -> 103 | S1: =SUBTOTAL(9,S4:S226) -> 384 | T1: =SUBTOTAL(9,T4:T226) -> 250 | U1: =SUBTOTAL(9,U4:U226) -> 737 | W1: =SUBTOTAL(9,W4:W226) -> 81 | X1: =SUBTOTAL(9,X4:X226) -> 652 | Y1: =SUBTOTAL(9,Y4:Y226) -> 430 | Z1: =SUBTOTAL(9,Z4:Z226) -> 1163 | AA1: =SUBTOTAL(9,AA4:AA226) -> 1 | AC1: =SUBTOTAL(9,AC4:AC226) -> 33 | AD1: =SUBTOTAL(9,AD4:AD226) -> 276 | AE1: =SUBTOTAL(9,AE4:AE226) -> 1032 | AF1: =SUBTOTAL(9,AF4:AF226) -> 1341 | AG1: =SUBTOTAL(9,AG4:AG226) -> 1 | AI1: =SUBTOTAL(9,AI4:AI226) -> 38 | AJ1: =SUBTOTAL(9,AJ4:AJ226) -> 65 | AK1: =SUBTOTAL(9,AK4:AK226) -> 1075 | AL1: =SUBTOTAL(9,AL4:AL226) -> 1178 | AM1: =SUBTOTAL(9,AM4:AM226) -> 1 | AO1: =SUBTOTAL(9,AO4:AO226) -> 27 | AP1: =SUBTOTAL(9,AP4:AP226) -> 1710 | AQ1: =SUBTOTAL(9,AQ4:AQ130) -> 1351 | AR1: =SUBTOTAL(9,AR4:AR226) -> #REF! | AS1: =SUBTOTAL(9,AS4:AS130) -> #REF! | AU1: =SUBTOTAL(9,AU4:AU226) -> 83 | AV1: =SUBTOTAL(9,AV4:AV226) -> 1569 | AW1: =SUBTOTAL(9,AW4:AW130) -> 1424 | AX1: =SUBTOTAL(9,AX4:AX226) -> #REF! | AY1: =SUBTOTAL(9,AY4:AY130) -> #REF! | BA1: =SUBTOTAL(9,BA4:BA226) -> 23 | BB1: =SUBTOTAL(9,BB4:BB226) -> 1926 | BC1: =SUBTOTAL(9,BC4:BC130) -> 1676 | BD1: =SUBTOTAL(9,BD4:BD226) -> #REF! | BE1: =SUBTOTAL(9,BE4:BE135) -> #REF! | BG1: =SUBTOTAL(9,BG4:BG226) -> 16 | BH1: =SUBTOTAL(9,BH4:BH226) -> 2095 | BI1: =SUBTOTAL(9,BI4:BI130) -> 1771 | BJ1: =BJ2*1.18 -> #REF! | BK1: =SUBTOTAL(9,BK4:BK141) -> #REF! | BM1: =SUBTOTAL(9,BM4:BM226) -> 0 | BN1: =SUBTOTAL(9,BN4:BN226) -> 2072 | BO1: =SUBTOTAL(9,BO4:BO130) -> 1654 | BP1: =BP2*1.18 -> #REF! | BQ1: =SUBTOTAL(9,BQ4:BQ135) -> #REF! | BS1: =SUBTOTAL(9,BS4:BS226) -> 0 | BT1: =SUBTOTAL(9,BT4:BT226) -> 2439 | BU1: =SUBTOTAL(9,BU4:BU226) -> 6737706.2 | BV1: =SUBTOTAL(9,BV4:BV226) -> 96 | BW1: =SUBTOTAL(9,BW4:BW226) -> 272694 | BX1: =SUBTOTAL(9,BX4:BX226) -> 685 | BY1: =SUBTOTAL(9,BY4:BY226) -> 1171870 | BZ1: =SUBTOTAL(9,BZ4:BZ130) -> 2626 | CA1: =SUBTOTAL(9,CA4:CA226) -> 8182270.2 | CB1: =SUBTOTAL(9,CB4:CB135) -> 0.74538426 | CC1: =CC2*1.18 -> #REF! | CD1: =SUBTOTAL(9,CD4:CD226) -> 1873 | CE1: =SUBTOTAL(9,CE4:CE226) -> 5396090.9 | CF1: =SUBTOTAL(9,CF4:CF226) -> 44 | CG1: =SUBTOTAL(9,CG4:CG226) -> 146542 | CH1: =SUBTOTAL(9,CH4:CH226) -> 935 | CI1: =SUBTOTAL(9,CI4:CI226) -> 1865835 | CJ1: =SUBTOTAL(9,CJ4:CJ130) -> 2303 | CK1: =SUBTOTAL(9,CK4:CK226) -> 7408467.9 | CL1: =SUBTOTAL(9,CL4:CL135) -> 0.74987856 | CM1: =CM2*1.18 -> #REF! | CN1: =SUBTOTAL(9,CN4:CN226) -> 2460 | CO1: =SUBTOTAL(9,CO4:CO226) -> 6610727.9 | CP1: =SUBTOTAL(9,CP4:CP226) -> 10 | CQ1: =SUBTOTAL(9,CQ4:CQ226) -> 32289 | CR1: =SUBTOTAL(9,CR4:CR226) -> 173 | CS1: =SUBTOTAL(9,CS4:CS226) -> 432745 | CT1: =SUBTOTAL(9,CT4:CT130) -> 2155 | CU1: =SUBTOTAL(9,CU4:CU226) -> 7075761.9 | CV1: =SUBTOTAL(9,CV4:CV135) -> 0.78134155 | CW1: =CW2*1.18 -> #REF! | CX1: =SUBTOTAL(9,CX4:CX226) -> 2652 | CY1: =SUBTOTAL(9,CY4:CY226) -> 7605982.4 | CZ1: =SUBTOTAL(9,CZ4:CZ226) -> 17 | DA1: =SUBTOTAL(9,DA4:DA226) -> 47183 | DB1: =SUBTOTAL(9,DB4:DB130) -> 2177 | DC1: =SUBTOTAL(9,DC4:DC226) -> 7653165.4 | DD1: =SUBTOTAL(9,DD4:DD141) -> 0.77677723 | DE1: =SUBTOTAL(9,DE4:DE145) -> 144488 | DF1: =SUBTOTAL(9,DF4:DF145) -> 2604 | DG1: =SUBTOTAL(9,DG4:DG226) -> 8750289 | DH1: =DH2*1.18 -> #REF! | DI1: =SUBTOTAL(9,DI4:DI226) -> 3353 | DJ1: =SUBTOTAL(9,DJ4:DJ226) -> 8700271.9 | DK1: =SUBTOTAL(9,DK4:DK226) -> 10 | DL1: =SUBTOTAL(9,DL4:DL226) -> 30465 | DM1: =SUBTOTAL(9,DM4:DM145) -> 2875 | DN1: =SUBTOTAL(9,DN4:DN226) -> 8730736.9 | DO1: =SUBTOTAL(9,DO4:DO226) -> 7398929.5 | DP1: =SUBTOTAL(9,DP4:DP145) -> 0.80828823 | DQ1: =SUBTOTAL(9,DQ4:DQ145) -> 177633 | DR1: =SUBTOTAL(9,DR4:DR145) -> 3423 | DS1: =SUBTOTAL(9,DS4:DS226) -> 10017803 | DT1: =SUBTOTAL(9,DT4:DT145) -> 0.8082313 | DU1: =DU2*1.18 -> #REF! | DW1: SD Ads | DX1: 57013 | DY1: 255 | DZ1: 621270 | EE1: =SUBTOTAL(9,EE4:EE226) -> 3696 | EF1: =SUBTOTAL(9,EF4:EF226) -> 9750173.6 | EG1: =SUBTOTAL(9,EG4:EG226) -> 50 | EH1: =SUBTOTAL(9,EH4:EH226) -> 105454 | EI1: =SUBTOTAL(9,EI4:EI145) -> 3355 | EJ1: =SUBTOTAL(9,EJ4:EJ226) -> 9855627.6 | EK1: =SUBTOTAL(9,EK4:EK226) -> 8352226.8 | EL1: =SUBTOTAL(9,EL4:EL145) -> 0.85177186 | EM1: =SUBTOTAL(9,EM4:EM145) -> 216308 | EN1: =SUBTOTAL(9,EN4:EN145) -> 4107 | EO1: =SUBTOTAL(9,EO4:EO226) -> 11324963 | EP1: =SUBTOTAL(9,EP4:EP145) -> 0.85130071 | EQ1: =EQ2*1.18 -> #REF! | EV1: =SUBTOTAL(9,EV4:EV226) -> 3674 | EW1: =SUBTOTAL(9,EW4:EW226) -> 10009755 | EX1: =SUBTOTAL(9,EX4:EX226) -> 97 | EY1: =SUBTOTAL(9,EY4:EY226) -> 231693 | EZ1: =SUBTOTAL(9,EZ4:EZ145) -> 3596 | FA1: =SUBTOTAL(9,FA4:FA226) -> 10241448 | FB1: =SUBTOTAL(9,FB4:FB226) -> 8679193.5 | FC1: =SUBTOTAL(9,FC4:FC145) -> 0.92497847 | FD1: =SUBTOTAL(9,FD4:FD145) -> 252805 | FE1: =SUBTOTAL(9,FE4:FE145) -> 4769 | FF1: =SUBTOTAL(9,FF4:FF226) -> 13143204 | FG1: =SUBTOTAL(9,FG4:FG145) -> 0.91013485 | FH1: =FH2*1.18 -> #REF! | FI1: =SUBTOTAL(9,FI4:FI226) -> 4923 | FJ1: =SUBTOTAL(9,FJ4:FJ226) -> 12829934 | FK1: =SUBTOTAL(9,FK4:FK226) -> 53 | FL1: =SUBTOTAL(9,FL4:FL226) -> 129636 | FM1: =SUBTOTAL(9,FM4:FM145) -> 4814 | FN1: =SUBTOTAL(9,FN4:FN226) -> 12959570 | FO1: =SUBTOTAL(9,FO4:FO226) -> 10982686 | FP1: =SUBTOTAL(9,FP4:FP145) -> 0.94893897 | FQ1: =SUBTOTAL(9,FQ4:FQ145) -> 293469 | FR1: =SUBTOTAL(9,FR4:FR145) -> 6620 | FS1: =SUBTOTAL(9,FS4:FS226) -> 16828994 | FT1: =SUBTOTAL(9,FT4:FT145) -> 0.94658944 | FU1: =FU2*1.18 -> #REF! | FV1: =SUBTOTAL(9,FV4:FV226) -> 4205 | FW1: =SUBTOTAL(9,FW4:FW226) -> 10794801 | FX1: =SUBTOTAL(9,FX4:FX226) -> 34 | FY1: =SUBTOTAL(9,FY4:FY226) -> 89795.15 | FZ1: =SUBTOTAL(9,FZ4:FZ145) -> 4126 | GA1: =SUBTOTAL(9,GA4:GA226) -> 10884596 | GB1: =SUBTOTAL(9,GB4:GB226) -> 9224234.1 | GC1: =SUBTOTAL(9,GC4:GC145) -> 0.95596183 | GD1: =SUBTOTAL(9,GD4:GD145) -> 244552 | GE1: =SUBTOTAL(9,GE4:GE145) -> 4933 | GF1: =SUBTOTAL(9,GF4:GF226) -> 12300352 | GG1: =SUBTOTAL(9,GG4:GG145) -> 0.95900792 | GI1: =SUBTOTAL(9,GI4:GI226) -> 3531 | GJ1: =SUBTOTAL(9,GJ4:GJ226) -> 8988574.4 | GK1: =SUBTOTAL(9,GK4:GK226) -> 0 | GL1: =SUBTOTAL(9,GL4:GL226) -> 0 | GM1: =SUBTOTAL(9,GM4:GM145) -> 3438 | GN1: =SUBTOTAL(9,GN4:GN226) -> 8988574.4 | GO1: =SUBTOTAL(9,GO4:GO226) -> 7617435.9 | GP1: =SUBTOTAL(9,GP4:GP145) -> 0.95132859 | GQ1: =SUBTOTAL(9,GQ4:GQ145) -> 199906 | GR1: =SUBTOTAL(9,GR4:GR145) -> 4190 | GS1: =SUBTOTAL(9,GS4:GS226) -> 10542481 | GT1: =SUBTOTAL(9,GT4:GT145) -> 0.94841774 | GV1: =SUBTOTAL(9,GV4:GV226) -> 3314 | GW1: =SUBTOTAL(9,GW4:GW226) -> 8336692.6 | GX1: =SUBTOTAL(9,GX4:GX226) -> 0 | GY1: =SUBTOTAL(9,GY4:GY226) -> 0 | GZ1: =SUBTOTAL(9,GZ4:GZ145) -> 3250 | HA1: =SUBTOTAL(9,HA4:HA226) -> 8336692.6 | HB1: =SUBTOTAL(9,HB4:HB226) -> 7064993.7 | HC1: =SUBTOTAL(9,HC4:HC145) -> 0.96263694 | HD1: =SUBTOTAL(9,HD4:HD145) -> 236753 | HE1: =SUBTOTAL(9,HE4:HE145) -> 4749 | HF1: =SUBTOTAL(9,HF4:HF226) -> 11527161 | HG1: =SUBTOTAL(9,HG4:HG145) -> 0.97251873 | HI1: =SUBTOTAL(9,HI4:HI226) -> 3126 | HJ1: =SUBTOTAL(9,HJ4:HJ226) -> 8375891.2 | HK1: =SUBTOTAL(9,HK4:HK226) -> 0 | HL1: =SUBTOTAL(9,HL4:HL226) -> 0 | HM1: =SUBTOTAL(9,HM4:HM145) -> 3093 | HN1: =SUBTOTAL(9,HN4:HN226) -> 8375891.2 | HO1: =SUBTOTAL(9,HO4:HO226) -> 7098212.9 | HP1: =SUBTOTAL(9,HP4:HP145) -> 0.98373128 | HQ1: =SUBTOTAL(9,HQ4:HQ145) -> 196637 | HR1: =SUBTOTAL(9,HR4:HR145) -> 3769 | HS1: =SUBTOTAL(9,HS4:HS226) -> 9635624 | HT1: =SUBTOTAL(9,HT4:HT145) -> 0.98478355 | HV1: =SUBTOTAL(9,HV4:HV226) -> 1496 | HW1: =SUBTOTAL(9,HW4:HW226) -> 3981195.1 | HX1: =SUBTOTAL(9,HX4:HX226) -> 2937 | HY1: =SUBTOTAL(9,HY4:HY226) -> 8285013.5 | HZ1: =SUBTOTAL(9,HZ4:HZ145) -> 4393 | IA1: =SUBTOTAL(9,IA4:IA226) -> 12266209 | IB1: =SUBTOTAL(9,IB4:IB226) -> 10395092 | IC1: =SUBTOTAL(9,IC4:IC145) -> 0.98713499 | ID1: =SUBTOTAL(9,ID4:ID145) -> 186926 | IE1: =SUBTOTAL(9,IE4:IE145) -> 743 | IF1: =SUBTOTAL(9,IF4:IF226) -> 1806669 | IG1: =SUBTOTAL(9,IG4:IG145) -> 0.91429033 | II1: =SUBTOTAL(9,II4:II226) -> 571 | IJ1: =SUBTOTAL(9,IJ4:IJ226) -> 1690069.7 | IK1: =SUBTOTAL(9,IK4:IK226) -> 2548 | IL1: =SUBTOTAL(9,IL4:IL226) -> 7509275.6 | IM1: =SUBTOTAL(9,IM4:IM145) -> 3087 | IN1: =SUBTOTAL(9,IN4:IN226) -> 9199345.3 | IO1: =SUBTOTAL(9,IO4:IO226) -> 7796055.4 | IP1: =SUBTOTAL(9,IP4:IP145) -> 0.98110261 | IQ1: =SUBTOTAL(9,IQ4:IQ145) -> 175562 | IR1: =SUBTOTAL(9,IR4:IR145) -> 369 | IS1: =SUBTOTAL(9,IS4:IS226) -> 1047344 | IT1: =SUBTOTAL(9,IT4:IT145) -> 0.94518897 | IZ1: =SUBTOTAL(9,IZ4:IZ226) -> 3918 | JA1: =SUBTOTAL(9,JA4:JA226) -> 6080727.3 | JB1: =SUBTOTAL(9,JB4:JB226) -> 24152 | JC1: =SUBTOTAL(9,JC4:JC226) -> 32036302 | JD1: =SUBTOTAL(9,JD4:JD226) -> 3345 | JE1: =SUBTOTAL(9,JE4:JE226) -> 5339300.8 | JF1: =SUBTOTAL(9,JF4:JF226) -> 0 | JG1: =SUBTOTAL(9,JG4:JG226) -> 0 | ... JO1: =SUBTOTAL(9,JO4:JO226) -> 79503093 | JS1: =SUBTOTAL(9,JS4:JS226) -> 358 | JT1: =SUBTOTAL(9,JT4:JT226) -> 1080576.8 | JU1: =SUBTOTAL(9,JU4:JU226) -> 3354 | JV1: =SUBTOTAL(9,JV4:JV226) -> 9920003.8 | JW1: =SUBTOTAL(9,JW4:JW145) -> 3695 | JX1: =SUBTOTAL(9,JX4:JX226) -> 11000581 | JY1: =SUBTOTAL(9,JY4:JY226) -> 9322525.9 | JZ1: =SUBTOTAL(9,JZ4:JZ145) -> 0.99272404 | KA1: =SUBTOTAL(9,KA4:KA145) -> 204806 | KB1: =SUBTOTAL(9,KB4:KB145) -> 369 | KC1: =SUBTOTAL(9,KC4:KC226) -> 1047344 | KD1: =SUBTOTAL(9,KD4:KD145) -> 0.94518897 | KJ1: =SUBTOTAL(9,KJ4:KJ226) -> 3025 | KK1: =SUBTOTAL(9,KK4:KK226) -> 4402048.7 | KL1: =SUBTOTAL(9,KL4:KL226) -> 20764 | KM1: =SUBTOTAL(9,KM4:KM226) -> 26249692 | KN1: =SUBTOTAL(9,KN4:KN226) -> 3345 | KO1: =SUBTOTAL(9,KO4:KO226) -> 5339300.8 | KP1: =SUBTOTAL(9,KP4:KP226) -> 0 | KQ1: =SUBTOTAL(9,KQ4:KQ226) -> 0 | ... KY1: =SUBTOTAL(9,KY4:KY226) -> 72037803 | LC1: =SUBTOTAL(9,LC4:LC158) -> 333 | LD1: =SUBTOTAL(9,LD4:LD158) -> 908342.42 | LE1: =SUBTOTAL(9,LE4:LE158) -> 3585 | LF1: =SUBTOTAL(9,LF4:LF158) -> 9905025.8 | LG1: =SUBTOTAL(9,LG4:LG158) -> 3918 | LH1: =SUBTOTAL(9,LH4:LH158) -> 10813368 | LI1: =SUBTOTAL(9,LI4:LI158) -> 9163871.3 | LJ1: =SUBTOTAL(9,LJ4:LJ158) -> 1 | LK1: =SUBTOTAL(9,LK4:LK158) -> 223977 | LL1: =SUBTOTAL(9,LL4:LL145) -> 369 | LM1: =SUBTOTAL(9,LM4:LM226) -> 1047344 | LN1: =SUBTOTAL(9,LN4:LN145) -> 0.94518897 | LT1: =SUBTOTAL(9,LT4:LT158) -> 2478 | LU1: =SUBTOTAL(9,LU4:LU158) -> 3779771.9 | LV1: =SUBTOTAL(9,LV4:LV158) -> 22136 | LW1: =SUBTOTAL(9,LW4:LW158) -> 28406946 | LX1: =SUBTOTAL(9,LX4:LX158) -> 1055 | LY1: =SUBTOTAL(9,LY4:LY158) -> 1890004.8 | LZ1: =SUBTOTAL(9,LZ4:LZ158) -> 0 | MA1: =SUBTOTAL(9,MA4:MA158) -> 0 | ... MI1: =SUBTOTAL(9,MI4:MI158) -> 73264303 | MM1: =SUBTOTAL(9,MM4:MM158) -> 348 | MN1: =SUBTOTAL(9,MN4:MN158) -> 897838 | MO1: =SUBTOTAL(9,MO4:MO158) -> 4737 | MP1: =SUBTOTAL(9,MP4:MP158) -> 12744267 | MQ1: =SUBTOTAL(9,MQ4:MQ158) -> 5085 | MR1: =SUBTOTAL(9,MR4:MR158) -> 13642105 | MS1: =SUBTOTAL(9,MS4:MS158) -> 11561106 | MT1: =SUBTOTAL(9,MT4:MT158) -> 1 | MU1: =SUBTOTAL(9,MU4:MU158) -> 268408 | MV1: =SUBTOTAL(9,MV4:MV145) -> 369 | MW1: =SUBTOTAL(9,MW4:MW226) -> 1047344 | MX1: =SUBTOTAL(9,MX4:MX145) -> 0.94518897 | ND1: =SUBTOTAL(9,ND4:ND158) -> 5047 | NE1: =SUBTOTAL(9,NE4:NE158) -> 7742219.6 | NF1: =SUBTOTAL(9,NF4:NF158) -> 19446 | NG1: =SUBTOTAL(9,NG4:NG158) -> 25336771 | NH1: =SUBTOTAL(9,NH4:NH158) -> 1561 | NI1: =SUBTOTAL(9,NI4:NI158) -> 2326639.7 | NJ1: =SUBTOTAL(9,NJ4:NJ158) -> 0 | NK1: =SUBTOTAL(9,NK4:NK158) -> 0 | ... NT1: =SUBTOTAL(9,NT4:NT158) -> 2598 | NX1: =SUBTOTAL(9,NX4:NX291) -> 725 | NY1: =SUBTOTAL(9,NY4:NY291) -> 1775892.2 | NZ1: =SUBTOTAL(9,NZ4:NZ291) -> 4664 | OA1: =SUBTOTAL(9,OA4:OA291) -> 12495185 | OB1: =SUBTOTAL(9,OB4:OB291) -> 5389 | OC1: =SUBTOTAL(9,OC4:OC291) -> 14271077 | OD1: =SUBTOTAL(9,OD4:OD291) -> 12094133 | OE1: =SUBTOTAL(9,OE4:OE291) -> 1 | OF1: =SUBTOTAL(9,OF4:OF291) -> 289280 | OG1: =SUBTOTAL(9,OG4:OG145) -> 369 | OH1: =SUBTOTAL(9,OH4:OH226) -> 1047344 | OI1: =SUBTOTAL(9,OI4:OI145) -> 0.94518897 | OO1: =SUBTOTAL(9,OO4:OO291) -> 4451 | OP1: =SUBTOTAL(9,OP4:OP291) -> 6986168.8 | OQ1: =SUBTOTAL(9,OQ4:OQ291) -> 19075 | OR1: =SUBTOTAL(9,OR4:OR291) -> 26128951 | OS1: =SUBTOTAL(9,OS4:OS291) -> 1060 | OT1: =SUBTOTAL(9,OT4:OT291) -> 2001844.3 | OU1: =SUBTOTAL(9,OU4:OU291) -> 0 | OV1: =SUBTOTAL(9,OV4:OV291) -> 0 | ... PE1: =SUBTOTAL(9,PE4:PE291) -> 8588 | PI1: =SUBTOTAL(9,PI4:PI291) -> 348 | PJ1: =SUBTOTAL(9,PJ4:PJ291) -> 1031620.8 | PK1: =SUBTOTAL(9,PK4:PK291) -> 5907 | PL1: =SUBTOTAL(9,PL4:PL291) -> 16720157 | PM1: =SUBTOTAL(9,PM4:PM291) -> 6255 | PN1: =SUBTOTAL(9,PN4:PN291) -> 17751778 | PO1: =SUBTOTAL(9,PO4:PO291) -> 15043879 | PP1: =SUBTOTAL(9,PP4:PP291) -> 1 | PQ1: =SUBTOTAL(9,PQ4:PQ291) -> 393079 | PR1: =SUBTOTAL(9,PR4:PR145) -> 369 | PS1: =SUBTOTAL(9,PS4:PS226) -> 1047344 | PT1: =SUBTOTAL(9,PT4:PT145) -> 0.94518897 | PZ1: =SUBTOTAL(9,PZ4:PZ291) -> 4212 | QA1: =SUBTOTAL(9,QA4:QA291) -> 6690948.7 | QB1: =SUBTOTAL(9,QB4:QB291) -> 0 | QC1: =SUBTOTAL(9,QC4:QC291) -> 0 | QD1: =SUBTOTAL(9,QD4:QD291) -> 1060 | QE1: =SUBTOTAL(9,QE4:QE291) -> 2001844.3 | QF1: =SUBTOTAL(9,QF4:QF291) -> 0 | QG1: =SUBTOTAL(9,QG4:QG291) -> 0 | ... QP1: =SUBTOTAL(9,QP4:QP291) -> 9360 | QT1: =SUBTOTAL(9,QT4:QT291) -> 683 | QU1: =SUBTOTAL(9,QU4:QU291) -> 1646930 | QV1: =SUBTOTAL(9,QV4:QV291) -> 5810 | QW1: =SUBTOTAL(9,QW4:QW291) -> 17040943 | QX1: =SUBTOTAL(9,QX4:QX291) -> 6493 | QY1: =SUBTOTAL(9,QY4:QY291) -> 18687873 | QZ1: =SUBTOTAL(9,QZ4:QZ291) -> 15837181 | RA1: =SUBTOTAL(9,RA4:RA291) -> 1 | RB1: =SUBTOTAL(9,RB4:RB291) -> 385023 | RC1: =SUBTOTAL(9,RC4:RC145) -> 369 | RD1: =SUBTOTAL(9,RD4:RD226) -> 1047344 | RE1: =SUBTOTAL(9,RE4:RE145) -> 0.94518897 | RK1: =SUBTOTAL(9,RK4:RK291) -> 4704 | RL1: =SUBTOTAL(9,RL4:RL291) -> 7172396.8 | RM1: =SUBTOTAL(9,RM4:RM291) -> 31551 | RN1: =SUBTOTAL(9,RN4:RN291) -> 37112381 | RO1: =SUBTOTAL(9,RO4:RO291) -> 327 | RP1: =SUBTOTAL(9,RP4:RP291) -> 399057.21 | RQ1: =SUBTOTAL(9,RQ4:RQ291) -> 0 | RR1: =SUBTOTAL(9,RR4:RR291) -> 0 | ... SA1: =SUBTOTAL(9,SA4:SA291) -> 6220 | SE1: =SUBTOTAL(9,SE4:SE291) -> 607 | SF1: =SUBTOTAL(9,SF4:SF291) -> 1647889 | SG1: =SUBTOTAL(9,SG4:SG291) -> 5054 | SH1: =SUBTOTAL(9,SH4:SH291) -> 13961356 | SI1: =SUBTOTAL(9,SI4:SI291) -> 5661 | SJ1: =SUBTOTAL(9,SJ4:SJ291) -> 15609245 | SK1: =SUBTOTAL(9,SK4:SK291) -> 13228174 | SL1: =SUBTOTAL(9,SL4:SL291) -> 1 | SM1: =SUBTOTAL(9,SM4:SM291) -> 815364 | SN1: =SUBTOTAL(9,SN4:SN145) -> 369 | SO1: =SUBTOTAL(9,SO4:SO226) -> 1047344 | SP1: =SUBTOTAL(9,SP4:SP145) -> 0.94518897 | SV1: =SUBTOTAL(9,SV4:SV291) -> 5600 | SW1: =SUBTOTAL(9,SW4:SW291) -> 8140949.1 | SX1: =SUBTOTAL(9,SX4:SX291) -> 27836 | SY1: =SUBTOTAL(9,SY4:SY291) -> 32738015 | SZ1: =SUBTOTAL(9,SZ4:SZ291) -> 327 | TA1: =SUBTOTAL(9,TA4:TA291) -> 399057.21 | TB1: =SUBTOTAL(9,TB4:TB291) -> 0 | TC1: =SUBTOTAL(9,TC4:TC291) -> 0 | ... TL1: =SUBTOTAL(9,TL4:TL291) -> 5824 | TP1: =SUBTOTAL(9,TP4:TP291) -> 928 | TQ1: =SUBTOTAL(9,TQ4:TQ291) -> 2761372.5 | TR1: =SUBTOTAL(9,TR4:TR291) -> 5330 | TS1: =SUBTOTAL(9,TS4:TS291) -> 14170339 | TT1: =SUBTOTAL(9,TT4:TT291) -> 6258 | TU1: =SUBTOTAL(9,TU4:TU291) -> 16931712 | TV1: =SUBTOTAL(9,TV4:TV291) -> 14348908 | TW1: =SUBTOTAL(9,TW4:TW291) -> 1 | TX1: =SUBTOTAL(9,TX4:TX291) -> 680842 | TY1: =SUBTOTAL(9,TY4:TY145) -> 369 | TZ1: =SUBTOTAL(9,TZ4:TZ226) -> 1047344 | UA1: =SUBTOTAL(9,UA4:UA145) -> 0.94518897 | UG1: =SUBTOTAL(9,UG4:UG291) -> 5657 | UH1: =SUBTOTAL(9,UH4:UH291) -> 7872024.6 | UI1: =SUBTOTAL(9,UI4:UI291) -> 25285 | UJ1: =SUBTOTAL(9,UJ4:UJ291) -> 33724374 | UK1: =SUBTOTAL(9,UK4:UK291) -> 327 | UL1: =SUBTOTAL(9,UL4:UL291) -> 399057.21 | UM1: =SUBTOTAL(9,UM4:UM291) -> 0 | UN1: =SUBTOTAL(9,UN4:UN291) -> 0 | ... UW1: =SUBTOTAL(9,UW4:UW291) -> 6852 | VA1: =SUBTOTAL(9,VA4:VA291) -> 936 | VB1: =SUBTOTAL(9,VB4:VB291) -> 2502652.5 | VC1: =SUBTOTAL(9,VC4:VC291) -> 4998 | VD1: =SUBTOTAL(9,VD4:VD291) -> 14227811 | VE1: =SUBTOTAL(9,VE4:VE291) -> 5934 | VF1: =SUBTOTAL(9,VF4:VF291) -> 16730464 | VG1: =SUBTOTAL(9,VG4:VG291) -> 14178359 | VH1: =SUBTOTAL(9,VH4:VH291) -> 1 | VI1: =SUBTOTAL(9,VI4:VI291) -> 668540 | VJ1: =SUBTOTAL(9,VJ4:VJ145) -> 381 | VK1: =SUBTOTAL(9,VK4:VK226) -> 1066532 | VL1: =SUBTOTAL(9,VL4:VL145) -> 0.9635096 | VR1: =SUBTOTAL(9,VR4:VR291) -> 5297 | VS1: =SUBTOTAL(9,VS4:VS291) -> 9022277.7 | VT1: =SUBTOTAL(9,VT4:VT291) -> 32912 | VU1: =SUBTOTAL(9,VU4:VU291) -> 41844322 | VV1: =SUBTOTAL(9,VV4:VV291) -> 248 | VW1: =SUBTOTAL(9,VW4:VW291) -> 350971.34 | VX1: =SUBTOTAL(9,VX4:VX291) -> 0 | VY1: =SUBTOTAL(9,VY4:VY291) -> 0 | ... WH1: =SUBTOTAL(9,WH4:WH291) -> 6578
L2: 45047 | P2: May | Q2: 45078 | U2: June | V2: 45108 | Z2: July | AB2: 45139 | AF2: Aug | AH2: 45170 | AL2: Sept | AN2: 45200 | AQ2: Oct | AR2: =AR1*1.18 -> #REF! | AT2: 45231 | AW2: Nov | AX2: =AX1*1.18 -> #REF! | AZ2: 45261 | BC2: Dec | BD2: =BD1*1.18 -> #REF! | BF2: 45292 | BI2: Jan | BJ2: =SUBTOTAL(9,BJ4:BJ135) -> #REF! | BL2: 45323 | BO2: Feb | BP2: =SUBTOTAL(9,BP4:BP135) -> #REF! | BR2: 45352 | BS2: 45352 | BT2: 45352 | BU2: =BU1/1.18 -> 5709920.5 | BV2: 45352 | BW2: =BW1/1.18 -> 231096.61 | BX2: 45352 | BY2: =BY1/1.18 -> 993110.17 | BZ2: March | CA2: =CA1/1.18 -> 6934127.3 | CC2: =SUBTOTAL(9,CC4:CC135) -> #REF! | CD2: April | CE2: =CE1/1.18 -> 4572958.4 | CF2: 45383 | CG2: =CG1/1.18 -> 124188.14 | CH2: April | CI2: =CI1/1.18 -> 1581216.1 | CJ2: April | CK2: =CK1/1.18 -> 6278362.6 | CM2: =SUBTOTAL(9,CM4:CM135) -> #REF! | CN2: 45413 | CO2: =CO1/1.18 -> 5602311.8 | CP2: 45413 | CQ2: =CQ1/1.18 -> 27363.559 | CR2: 45413 | CS2: =CS1/1.18 -> 366733.05 | CT2: May | CU2: =CU1/1.18 -> 5996408.4 | CW2: =SUBTOTAL(9,CW4:CW135) -> #REF! | CX2: 45444 | CY2: =CY1/1.18 -> 6445747.8 | DA2: =DA1/1.18 -> 39985.593 | DB2: June | DC2: =DC1/1.18 -> 6485733.4 | DD2: 45444 | DG2: =DG1/1.18 -> 7415499.2 | DH2: =SUBTOTAL(9,DH4:DH135) -> #REF! | DI2: 45474 | DJ2: =DJ1/1.18 -> 7373111.7 | DK2: 45474 | DL2: =DL1/1.18 -> 25817.797 | DM2: 45474 | DN2: =DN1/1.18 -> 7398929.5 | DP2: 45474 | DS2: =DS1/1.18 -> 8489663.4 | DT2: 45474 | DU2: =SUBTOTAL(9,DU4:DU135) -> #REF! | DX2: =SUBTOTAL(9,DX4:DX145) -> 555681.27 | DY2: =SUBTOTAL(9,DY4:DY145) -> 1740 | DZ2: =SUBTOTAL(9,DZ4:DZ145) -> 3570893.3 | EA2: =(DX2+DX1)/(DZ2+DZ1) -> 0.14615229 | EB2: =(DX2+DX1)/DO1 -> 0.082808502 | EE2: 45505 | EF2: =EF1/1.18 -> 8262859 | EG2: 45505 | EH2: =EH1/1.18 -> 89367.797 | EI2: 45505 | EJ2: =EJ1/1.18 -> 8352226.8 | EL2: 45505 | EO2: =EO1/1.18 -> 9597426.3 | EP2: 45505 | EQ2: =SUBTOTAL(9,EQ4:EQ135) -> #REF! | EV2: 45536 | EW2: =EW1/1.18 -> 8482843.5 | EX2: 45536 | EY2: =EY1/1.18 -> 196350 | EZ2: 45536 | FA2: =FA1/1.18 -> 8679193.5 | FC2: 45536 | FF2: =FF1/1.18 -> 11138308 | FG2: 45536 | FH2: =SUBTOTAL(9,FH4:FH135) -> #REF! | FI2: Oct | FJ2: =FJ1/1.18 -> 10872825 | FK2: Oct | FL2: =FL1/1.18 -> 109861.02 | FM2: Oct'24 | FN2: =FN1/1.18 -> 10982686 | FP2: Oct'24 | FS2: =FS1/1.18 -> 14261860 | FT2: Oct'24 | FU2: =SUBTOTAL(9,FU4:FU135) -> #REF! | FV2: Nov'24 | FW2: =FW1/1.18 -> 9148136.5 | FX2: Nov'24 | FY2: =FY1/1.18 -> 76097.585 | FZ2: Nov'24 | GA2: =GA1/1.18 -> 9224234.1 | GC2: Nov'24 | GF2: =GF1/1.18 -> 10424027 | GG2: Nov'24 | GH2: =SUBTOTAL(9,GH4:GH135) -> 5501818.9 | GI2: Dec'24 | GJ2: =GJ1/1.18 -> 7617435.9 | GK2: Dec'24 | GL2: =GL1/1.18 -> 0 | GM2: Dec'24 | GN2: =GN1/1.18 -> 7617435.9 | GP2: Dec'24 | GS2: =GS1/1.18 -> 8934305.9 | GT2: Dec'24 | GU2: =SUBTOTAL(9,GU4:GU135) -> 4418985.6 | GV2: Jan'25 | GW2: =GW1/1.18 -> 7064993.7 | GX2: Jan'25 | GY2: =GY1/1.18 -> 0 | GZ2: Jan'25 | HA2: =HA1/1.18 -> 7064993.7 | HC2: Jan'25 | HF2: =HF1/118 -> 97687.805 | HG2: Jan'25 | HH2: =SUBTOTAL(9,HH4:HH135) -> 4219869.8 | HI2: Feb'25 | HJ2: =HJ1/1.18 -> 7098212.9 | HK2: Feb'25 | HL2: =HL1/1.18 -> 0 | HM2: Feb'25 | HN2: =HN1/1.18 -> 7098212.9 | HP2: Feb'25 | HS2: =HS1/1.18 -> 8165783.1 | HT2: Feb'25 | HU2: =SUBTOTAL(9,HU4:HU135) -> 4212443.6 | HV2: Mar'25 | HW2: =HW1/1.18 -> 3373894.1 | HX2: Mar'25 | HY2: =HY1/1.18 -> 7021197.9 | HZ2: Mar'25 | IA2: =IA1/1.18 -> 10395092 | IC2: Mar'25 | IF2: =IF1/1.18 -> 1531075.4 | IG2: Mar'25 | IH2: =SUBTOTAL(9,IH4:IH135) -> 6534044.2 | II2: Apr'25 | IJ2: =IJ1/1.18 -> 1432262.5 | IK2: Apr'25 | IL2: =IL1/1.18 -> 6363792.9 | IM2: Apr'25 | IN2: =IN1/1.18 -> 7796055.4 | IP2: Apr'25 | IS2: =IS1/1.18 -> 887579.66 | IT2: Apr'25 | IU2: =SUBTOTAL(9,IU4:IU135) -> 4971318.1 | IZ2: 28th April | JB2: 28th April | JD2: 15th April | JJ2: May Pickup | JL2: Yet to picked | JN2: AZ+AMPM+Incoming | JS2: May'25 | JT2: =JT1/1.18 -> 915743.08 | JU2: May'25 | JV2: =JV1/1.18 -> 8406782.8 | JW2: May'25 | JX2: =JX1/1.18 -> 9322525.9 | JZ2: May'25 | KC2: =KC1/1.18 -> 887579.66 | KD2: Apr'25 | KE2: =SUBTOTAL(9,KE4:KE135) -> 6057257.5 | KJ2: 28th April | KL2: 28th April | KN2: 15th April | KT2: May Pickup | KV2: Yet to picked | KX2: AZ+AMPM+Incoming | LC2: June'25 | LD2: =LD1/1.18 -> 769781.71 | LE2: June'25 | LF2: =LF1/1.18 -> 8394089.6 | LG2: June'25 | LH2: =LH1/1.18 -> 9163871.3 | LJ2: June'25 | LM2: =LM1/1.18 -> 887579.66 | LN2: Apr'25 | LO2: =SUBTOTAL(9,LO4:LO135) -> 5356653.5 | LT2: 23rd June | LV2: 23rd June | LX2: 15th June | MB2: July | MD2: July Pickup | MF2: Yet to picked | MH2: AZ+AMPM+Incoming | MM2: July'25 | MN2: =MN1/1.18 -> 760879.66 | MO2: July'25 | MP2: =MP1/1.18 -> 10800227 | MQ2: July'25 | MR2: =MR1/1.18 -> 11561106 | MT2: July'25 | MW2: =MW1/1.18 -> 887579.66 | MX2: Apr'25 | MY2: =SUBTOTAL(9,MY4:MY135) -> 6912870.9 | ND2: 01st Aug | NF2: 28th July | NH2: 03rd July | NJ2: Aug | NL2: Aug | NN2: July Pickup | NP2: Yet to picked | NR2: AZ+AMPM+Incoming | NT2: 30th July | NX2: Aug'25 | NY2: =NY1/1.18 -> 1504993.4 | NZ2: Aug'25 | OA2: =OA1/1.18 -> 10589140 | OB2: Aug'25 | OC2: =OC1/1.18 -> 12094133 | OE2: Aug'25 | OH2: =OH1/1.18 -> 887579.66 | OI2: Apr'25 | OJ2: =SUBTOTAL(9,OJ4:OJ135) -> 7255025.4 | OO2: 1st Sept | OQ2: 1st Sept | OS2: 20th Aug | OU2: Sept | OW2: Sept | OY2: Sept Pickup | PA2: Yet to picked | PC2: AZ+AMPM+Incoming | PE2: 02nd Sept | PI2: Sept'25 | PJ2: =PJ1/1.18 -> 874254.95 | PK2: Sept'25 | PL2: =PL1/1.18 -> 14169624 | PM2: Sept'25 | PN2: =PN1/1.18 -> 15043879 | PP2: Sept'25 | PS2: =PS1/1.18 -> 887579.66 | PT2: Apr'25 | PU2: =SUBTOTAL(9,PU4:PU135) -> 9329963.8 | PZ2: 1st Sept | QB2: 1st Sept | QD2: 20th Aug | QF2: Sept | QH2: Sept | QJ2: Sept Pickup | QL2: Yet to picked | QN2: AZ+AMPM+Incoming | QP2: 02nd Sept | QT2: Oct'25 | QU2: =QU1/1.18 -> 1395703.4 | QV2: Oct'25 | QW2: =QW1/1.18 -> 14441477 | QX2: Oct'25 | QY2: =QY1/1.18 -> 15837181 | RA2: Oct'25 | RD2: =RD1/1.18 -> 887579.66 | RE2: Apr'25 | RF2: =SUBTOTAL(9,RF4:RF135) -> 9801564.8 | RK2: 03rd Nov | RM2: 03rd Nov | RO2: 29th Oct | RQ2: Oct | RS2: Oct | RU2: Oct Pickup | RW2: Yet to picked | RY2: AZ+AMPM+Incoming | SA2: 02nd Nov | SE2: Nov'25 | SF2: =SF1/1.18 -> 1396516.1 | SG2: Nov'25 | SH2: =SH1/1.18 -> 11831658 | SI2: Nov'25 | SJ2: =SJ1/1.18 -> 13228174 | SL2: Nov'25 | SO2: =SO1/1.18 -> 887579.66 | SP2: Apr'25 | SQ2: =SUBTOTAL(9,SQ4:SQ135) -> 7881033.7 | SV2: 01st Dec | SX2: 01st Dec | SZ2: 29th Oct | TB2: Dec | TD2: Dec | TF2: Dec | TH2: Yet to picked | TJ2: AZ+AMPM+Incoming | TL2: 04th Dec | TP2: Dec'25 | TQ2: =TQ1/1.18 -> 2340146.2 | TR2: Dec'25 | TS2: =TS1/1.18 -> 12008762 | TT2: Dec'25 | TU2: =TU1/1.18 -> 14348908 | TW2: Dec'25 | TZ2: =TZ1/1.18 -> 887579.66 | UA2: Apr'25 | UB2: =SUBTOTAL(9,UB4:UB135) -> 8691386.6 | UG2: 15th Dec | UI2: 13th Dec | UK2: 29th Oct | UM2: Dec | UO2: Dec | UQ2: Dec | US2: Yet to picked | UU2: AZ+AMPM+Incoming | UW2: 16th Dec | VA2: Jan'26 | VB2: =VB1/1.18 -> 2120891.9 | VC2: Jan'26 | VD2: =VD1/1.18 -> 12057467 | VE2: Jan'26 | VF2: =VF1/1.18 -> 14178359 | VH2: Jan'26 | VK2: =VK1/1.18 -> 903840.68 | VL2: Apr'25 | VM2: =SUBTOTAL(9,VM4:VM135) -> 8551426 | VR2: 3rd Feb | VT2: 3rd Feb | VV2: 04th Feb | VX2: Feb | VZ2: Feb | WB2: Feb | WD2: Yet to picked | WF2: AZ+AMPM+Incoming | WH2: 02nd Feb
A3: Asin | B3: SKU | C3: Updated Remarks - 03rd June | D3: Brand | E3: Product Code | F3: ASIN Classification | G3: OEM Model 0me | H3: Category | I3: Sub-Category | J3: NLC | K3: Supplier 0me | L3: Buybox | M3: AMB. Sales | N3: CCB sales | O3: Cambium Sales | P3: Total Sales | Q3: Buybox | R3: AMB. Sales | S3: CCB sales | T3: Cambium Sales | U3: Total Sales | V3: Buybox | W3: AMB. Sales | X3: CCB sales | Y3: Cambium Sales | Z3: Total Sales | AA3: Contribution to Sales | AB3: Buybox | AC3: AMB. Sales | AD3: CCB sales | AE3: Cambium Sales | AF3: Total Sales | AG3: Contribution to Sales | AH3: Buybox | AI3: AMB. Sales | AJ3: CCB sales | AK3: Cambium Sales | AL3: Total Sales | AM3: Contribution to Sales | AN3: Buybox | AO3: AMB. Sales | AP3: Cambium Sales | AQ3: Total Sales | AR3: Total Sales Value | AS3: Contribution to Sales | AT3: Buybox | AU3: AMB. Sales | AV3: Cambium Sales | AW3: Total Sales | AX3: Total Sales Value | AY3: Contribution to Sales | AZ3: Buybox | BA3: AMB. Sales | BB3: Cambium Sales | BC3: Total Sales | BD3: Total Sales Value | BE3: Contribution to Sales | BF3: Buybox | BG3: AMB. Sales | BH3: Cambium Sales | BI3: Total Sales | BJ3: Total Sales Value at DP | BK3: Contribution to Sales | BL3: Buybox | BM3: AMB. Sales | BN3: Cambium Sales | BO3: Total Sales | BP3: Total Sales Value at DP | BQ3: Contribution to Sales | BR3: Buybox | BS3: AMB. Sales | BT3: Amazon Sales Units | BU3: Amazon Sales Value | BV3: Amb. Sales Units | BW3: Amb. Sales Value | BX3: Flipkart Sales Units | BY3: Flipkart Sales Value | BZ3: Total Sales | CA3: Total Sales At SP | CB3: Contribution to Sales | CC3: Total Sales Value at DP | CD3: Amazon Sales Units | CE3: Amazon Sales Value | CF3: Amb. Sales Units | CG3: Amb. Sales Value | CH3: Flipkart Sales Units | CI3: Flipkart Sales Value | CJ3: Total Sales | CK3: Total Sales At SP | CL3: Contribution to Sales | CM3: Total Sales Value at DP | CN3: Amazon Sales Units | CO3: Amazon Sales Value | CP3: Amb. Sales Units | CQ3: Amb. Sales Value | CR3: Flipkart Sales Units | CS3: Flipkart Sales Value | CT3: Total Sales | CU3: Total Sales At SP | CV3: Contribution to Sales | CW3: Total Sales Value at DP | CX3: Amazon Sales Units | CY3: Amazon Sales Value | CZ3: Amb. Sales Units | DA3: Amb. Sales Value | DB3: Total Sales | DC3: Total Sales At SP | DD3: Contribution to Sales | DE3: Sessions | DF3: Gross Units Sold | DG3: Gross Sales Value | DH3: Total Sales Value at DP | DI3: Amazon Sales Units | DJ3: Amazon Sales Value | DK3: Amb. Sales Units | DL3: Amb. Sales Value | DM3: Total Sales | DN3: Total Sales At SP | DO3: Total Sales At SP (Without GST) | DP3: Contribution to Sales | DQ3: Sessions | DR3: Gross Units Sold | DS3: Gross Sales Value | DT3: Contribution to Sales | DU3: Total Sales Value at DP | DV3: Month On Month Growth (Gross Sales) | DW3: Month On Month Growth (Net Sales) | DX3: AMS Spend | DY3: AMS Orders | DZ3: AMS Sale | EA3: Acos | EB3: Tacos | EC3: Remarks | ED3: Action Point | EE3: Amazon Sales Units | EF3: Amazon Sales Value | EG3: Amb. Sales Units | EH3: Amb. Sales Value | EI3: Total Sales | EJ3: Total Sales At SP | EK3: Total Sales At SP (Without GST) | EL3: Contribution to Sales | EM3: Sessions | EN3: Gross Units Sold | EO3: Gross Sales Value | EP3: Contribution to Sales | EQ3: Total Sales Value at DP | ER3: Month On Month Growth (Gross Sales) | ES3: Month On Month Growth (Net Sales) | ET3: Remarks1 | EU3: Remarks2 | EV3: Amazon Sales Units | EW3: Amazon Sales Value | EX3: Amb. Sales Units | EY3: Amb. Sales Value | EZ3: Total Sales | FA3: Total Sales At SP | FB3: Total Sales At SP (Without GST) | FC3: Contribution to Sales | FD3: Sessions | FE3: Gross Units Sold | FF3: Gross Sales Value | FG3: Contribution to Sales | FH3: Total Sales Value at DP | FI3: Amazon Sales Units | FJ3: Amazon Sales Value | FK3: Amb. Sales Units | FL3: Amb. Sales Value | FM3: Total Sales | FN3: Total Sales At SP | FO3: Total Sales At SP (Without GST) | FP3: Contribution to Sales | FQ3: Sessions | FR3: Gross Units Sold | FS3: Gross Sales Value | FT3: Contribution to Sales | FU3: Total Sales Value at DP | FV3: Amazon Sales Units | FW3: Amazon Sales Value | FX3: Amb. Sales Units | FY3: Amb. Sales Value | FZ3: Total Sales | GA3: Total Sales At SP | GB3: Total Sales At SP (Without GST) | GC3: Contribution to Sales | GD3: Sessions | GE3: Gross Units Sold | GF3: Gross Sales Value | GG3: Contribution to Sales | GH3: Total Sales Value at NLC | GI3: Amazon Sales Units | GJ3: Amazon Sales Value | GK3: Amb. Sales Units | GL3: Amb. Sales Value | GM3: Total Sales | GN3: Total Sales At SP | GO3: Total Sales At SP (Without GST) | GP3: Contribution to Sales | GQ3: Sessions | GR3: Gross Units Sold | GS3: Gross Sales Value | GT3: Contribution to Sales | GU3: Total Sales Value at NLC | GV3: Amazon Sales Units | GW3: Amazon Sales Value | GX3: Amb. Sales Units | GY3: Amb. Sales Value | GZ3: Total Sales | HA3: Total Sales At SP | HB3: Total Sales At SP (Without GST) | HC3: Contribution to Sales | HD3: Sessions | HE3: Gross Units Sold | HF3: Gross Sales Value | HG3: Contribution to Sales | HH3: Total Sales Value at NLC | HI3: Amazon Sales Units | HJ3: Amazon Sales Value | HK3: Amb. Sales Units | HL3: Amb. Sales Value | HM3: Total Sales | HN3: Total Sales At SP | HO3: Total Sales At SP (Without GST) | HP3: Contribution to Sales | HQ3: Sessions | HR3: Gross Units Sold | HS3: Gross Sales Value | HT3: Contribution to Sales | HU3: Total Sales Value at NLC | HV3: Amazon Sales Units | HW3: Amazon Sales Value | HX3: CCB. Sales Units | HY3: CCB. Sales Value | HZ3: Total Sales | IA3: Total Sales At SP | IB3: Total Sales At SP (Without GST) | IC3: Contribution to Sales | ID3: Sessions | IE3: Gross Units Sold | IF3: Gross Sales Value | IG3: Contribution to Sales | IH3: Total Sales Value at NLC | II3: Amazon Sales Units | IJ3: Amazon Sales Value | IK3: CCB. Sales Units | IL3: CCB. Sales Value | IM3: Total Sales | IN3: Total Sales At SP | IO3: Total Sales At SP (Without GST) | IP3: Contribution to Sales | IQ3: Sessions | IR3: Gross Units Sold | IS3: Gross Sales Value | IT3: Contribution to Sales | IU3: Total Sales Value at NLC | IV3: =E3 -> Product Code | IW3: =A3 -> Asin | IX3: =B3 -> SKU | IY3: NLC | IZ3: AZ Soh | JA3: Value | JB3: AMPM | JC3: Value | JD3: Recalled Units (Andheri+AMPM) | JE3: Value | JF3: CHA Intransit Qty | JG3: Value | JH3: Incom. Shipments | JI3: Value | JJ3: Pipeline Qty | JK3: Value | JL3: Yet to picked | JM3: Value | JN3: Total SOH - Az+AMPM+Recall+CHA Intransit+Incomm+Pending Pickup | JO3: SOH Value | JP3: =E3 -> Product Code | JQ3: ASIN Classification | JR3: NLC | JS3: Amazon Sales Units | JT3: Amazon Sales Value | JU3: CCB. Sales Units | JV3: CCB. Sales Value | JW3: Total Sales | JX3: Total Sales At SP | JY3: Total Sales At SP (Without GST) | JZ3: Contribution to Sales | KA3: Sessions | KB3: Gross Units Sold | KC3: Gross Sales Value | KD3: Contribution to Sales | KE3: Total Sales Value at NLC | KF3: =E3 -> Product Code | KG3: =A3 -> Asin | KH3: =B3 -> SKU | KI3: NLC | KJ3: AZ Soh | KK3: Value | KL3: AMPM | KM3: Value | KN3: Recalled Units (Andheri+AMPM) | KO3: Value | KP3: CHA Intransit Qty | KQ3: Value | KR3: Incom. Shipments | KS3: Value | KT3: Pipeline Qty | KU3: Value | KV3: Yet to picked | KW3: Value | KX3: Total SOH - Az+AMPM+Recall+CHA Intransit+Incomm+Pending Pickup | KY3: SOH Value | KZ3: =E3 -> Product Code | LA3: ASIN Classification | LB3: NLC | LC3: Amazon Sales Units | LD3: Amazon Sales Value | LE3: CCB. Sales Units | LF3: CCB. Sales Value | LG3: Total Sales | LH3: Total Sales At SP | LI3: Total Sales At SP (Without GST) | LJ3: Contribution to Sales | LK3: Sessions | LL3: Gross Units Sold | LM3: Gross Sales Value | LN3: Contribution to Sales | LO3: Total Sales Value at NLC | LP3: =E3 -> Product Code | LQ3: =A3 -> Asin | LR3: =B3 -> SKU | LS3: NLC | LT3: AZ Soh | LU3: Value | LV3: AMPM | LW3: Value | LX3: Recalled Units (Andheri+AMPM) | LY3: Value | LZ3: CHA Intransit Qty | MA3: Value | MB3: Incom. Shipments | MC3: Value | MD3: Pipeline Qty | ME3: Value | MF3: Yet to picked | MG3: Value | MH3: Total SOH - Az+AMPM+Recall+CHA Intransit+Incomm+Pending Pickup | MI3: SOH Value | MJ3: =E3 -> Product Code | MK3: ASIN Classification | ML3: NLC | MM3: Amazon Sales Units | MN3: Amazon Sales Value | MO3: CCB. Sales Units | MP3: CCB. Sales Value | MQ3: Total Sales | MR3: Total Sales At SP | MS3: Total Sales At SP (Without GST) | MT3: Contribution to Sales | MU3: Sessions | MV3: Gross Units Sold | MW3: Gross Sales Value | MX3: Contribution to Sales | MY3: Total Sales Value at NLC | MZ3: =E3 -> Product Code | NA3: =A3 -> Asin | NB3: =B3 -> SKU | NC3: NLC | ND3: AZ Soh | NE3: Value | NF3: AMPM | NG3: Value | NH3: Recalled Units (Andheri+AMPM) | NI3: Value | NJ3: CHA Intransit Qty | NK3: Value | NL3: Incom. Shipments | NM3: Value | NN3: Pipeline Qty | NO3: Value | NP3: Yet to picked | NQ3: Value | NR3: Total SOH - Az+AMPM+Recall+CHA Intransit+Incomm+Pending Pickup | NS3: SOH Value | NT3: CB Stock | NU3: =E3 -> Product Code | NV3: ASIN Classification | NW3: NLC | NX3: Amazon Sales Units | NY3: Amazon Sales Value | NZ3: CCB. Sales Units | OA3: CCB. Sales Value | OB3: Total Sales | OC3: Total Sales At SP | OD3: Total Sales At SP (Without GST) | OE3: Contribution to Sales | OF3: Sessions | OG3: Gross Units Sold | OH3: Gross Sales Value | OI3: Contribution to Sales | OJ3: Total Sales Value at NLC | OK3: =E3 -> Product Code | OL3: =A3 -> Asin | OM3: =B3 -> SKU | ON3: NLC | OO3: AZ Soh | OP3: Value | OQ3: AMPM | OR3: Value | OS3: Recalled Units (Andheri+AMPM) | OT3: Value | OU3: CHA Intransit Qty | OV3: Value | OW3: Incom. Shipments | OX3: Value | OY3: Pipeline Qty | OZ3: Value | PA3: Yet to picked | PB3: Value | PC3: Total SOH - Az+AMPM+Recall+CHA Intransit+Incomm+Pending Pickup | PD3: SOH Value | PE3: CB Stock | PF3: =E3 -> Product Code | PG3: ASIN Classification | PH3: NLC | PI3: Amazon Sales Units | PJ3: Amazon Sales Value | PK3: CCB. Sales Units | PL3: CCB. Sales Value | PM3: Total Sales | PN3: Total Sales At SP | PO3: Total Sales At SP (Without GST) | PP3: Contribution to Sales | PQ3: Sessions | PR3: Gross Units Sold | PS3: Gross Sales Value | PT3: Contribution to Sales | PU3: Total Sales Value at NLC | PV3: =E3 -> Product Code | PW3: =A3 -> Asin | PX3: =B3 -> SKU | PY3: NLC | PZ3: AZ Soh | QA3: Value | QB3: AMPM | QC3: Value | QD3: Recalled Units (Andheri+AMPM) | QE3: Value | QF3: CHA Intransit Qty | QG3: Value | QH3: Incom. Shipments | QI3: Value | QJ3: Pipeline Qty | QK3: Value | QL3: Yet to picked | QM3: Value | QN3: Total SOH - Az+AMPM+Recall+CHA Intransit+Incomm+Pending Pickup | QO3: SOH Value | QP3: CB Stock | QQ3: =E3 -> Product Code | QR3: ASIN Classification | QS3: NLC | QT3: Amazon Sales Units | QU3: Amazon Sales Value | QV3: CCB. Sales Units | QW3: CCB. Sales Value | QX3: Total Sales | QY3: Total Sales At SP | QZ3: Total Sales At SP (Without GST) | RA3: Contribution to Sales | RB3: Sessions | RC3: Gross Units Sold | RD3: Gross Sales Value | RE3: Contribution to Sales | RF3: Total Sales Value at NLC | RG3: =E3 -> Product Code | RH3: =A3 -> Asin | RI3: =B3 -> SKU | RJ3: NLC | RK3: AZ Soh | RL3: Value | RM3: AMPM | RN3: Value | RO3: Recalled Units (Andheri+AMPM) | RP3: Value | RQ3: CHA Intransit Qty | RR3: Value | RS3: Incom. Shipments | RT3: Value | RU3: Pipeline Qty | RV3: Value | RW3: Yet to picked | RX3: Value | RY3: Total SOH - Az+AMPM+Recall+CHA Intransit+Incomm+Pending Pickup | RZ3: SOH Value | SA3: CB Stock | SB3: =E3 -> Product Code | SC3: ASIN Classification | SD3: NLC | SE3: Amazon Sales Units | SF3: Amazon Sales Value | SG3: CCB. Sales Units | SH3: CCB. Sales Value | SI3: Total Sales | SJ3: Total Sales At SP | SK3: Total Sales At SP (Without GST) | SL3: Contribution to Sales | SM3: Sessions | SN3: Gross Units Sold | SO3: Gross Sales Value | SP3: Contribution to Sales | SQ3: Total Sales Value at NLC | SR3: =E3 -> Product Code | SS3: =A3 -> Asin | ST3: =B3 -> SKU | SU3: NLC | SV3: AZ Soh | SW3: Value | SX3: AMPM | SY3: Value | SZ3: Recalled Units (Andheri+AMPM) | TA3: Value | TB3: CHA Intransit Qty | TC3: Value | TD3: Incom. Shipments | TE3: Value | TF3: Pipeline Qty | TG3: Value | TH3: Yet to picked | TI3: Value | TJ3: Total SOH - Az+AMPM+Recall+CHA Intransit+Incomm+Pending Pickup | TK3: SOH Value | TL3: CB Stock | TM3: =E3 -> Product Code | TN3: ASIN Classification | TO3: NLC | TP3: Amazon Sales Units | TQ3: Amazon Sales Value | TR3: CCB. Sales Units | TS3: CCB. Sales Value | TT3: Total Sales | TU3: Total Sales At SP | TV3: Total Sales At SP (Without GST) | TW3: Contribution to Sales | TX3: Sessions | TY3: Gross Units Sold | TZ3: Gross Sales Value | UA3: Contribution to Sales | UB3: Total Sales Value at NLC | UC3: =E3 -> Product Code | UD3: =A3 -> Asin | UE3: =B3 -> SKU | UF3: NLC | UG3: AZ Soh | UH3: Value | UI3: AMPM | UJ3: Value | UK3: Recalled Units (Andheri+AMPM) | UL3: Value | UM3: CHA Intransit Qty | UN3: Value | UO3: Incom. Shipments | UP3: Value | UQ3: Pipeline Qty | UR3: Value | US3: Yet to picked | UT3: Value | UU3: Total SOH - Az+AMPM+Recall+CHA Intransit+Incomm+Pending Pickup | UV3: SOH Value | UW3: CB Stock | UX3: =E3 -> Product Code | UY3: ASIN Classification | UZ3: NLC | VA3: Amazon Sales Units | VB3: Amazon Sales Value | VC3: CCB. Sales Units | VD3: CCB. Sales Value | VE3: Total Sales | VF3: Total Sales At SP | VG3: Total Sales At SP (Without GST) | VH3: Contribution to Sales | VI3: Sessions | VJ3: Gross Units Sold | VK3: Gross Sales Value | VL3: Contribution to Sales | VM3: Total Sales Value at NLC | VN3: =E3 -> Product Code | VO3: =A3 -> Asin | VP3: =B3 -> SKU | VQ3: NLC | VR3: AZ Soh | VS3: Value | VT3: AMPM | VU3: Value | VV3: Recalled Units (Andheri+AMPM) | VW3: Value | VX3: CHA Intransit Qty | VY3: Value | VZ3: Incom. Shipments | WA3: Value | WB3: Pipeline Qty | WC3: Value | WD3: Yet to picked | WE3: Value | WF3: Total SOH - Az+AMPM+Recall+CHA Intransit+Incomm+Pending Pickup | WG3: SOH Value | WH3: CB Stock | WI3: =E3 -> Product Code | WJ3: ASIN Classification | WK3: NLC
A4: B0BPLZ5CGV | B4: FBA76864 | C4: Head | D4: Audio Array | E4: AI-04 Red | F4: Head | G4: ZS22U | H4: Audio Interface | I4: Audio Interface | J4: 2038.7371 | K4: Zimhome (Lucas) | L4: 0.9825 | M4: 0 | N4: 1 | O4: 6 | P4: =M4+N4+O4 -> 7 | Q4: 0.9949 | R4: 0 | S4: 0 | T4: 44 | U4: =R4+S4+T4 -> 44 | V4: 0.8107 | W4: 0 | X4: 17 | Y4: 86 | Z4: =W4+X4+Y4 -> 103 | AA4: =Z4/$Z$1 -> 0.088564058 | AB4: 0.8413 | AC4: 0 | AD4: 31 | AE4: 145 | AF4: =AC4+AD4+AE4 -> 176 | AG4: =AF4/$AF$1 -> 0.13124534 | AH4: 0.971 | AI4: 0 | AJ4: 1 | AK4: 89 | AL4: =AI4+AJ4+AK4 -> 90 | AM4: =AL4/$AL$1 -> 0.076400679 | AN4: 0.9949 | AO4: 0 | AP4: 227 | AQ4: =AO4+AP4 -> 227 | AR4: =AQ4*#REF! -> #REF! | AS4: =AR4/$AR$1 -> #REF! | AT4: 0.9324 | AU4: 10 | AV4: 182 | AW4: =AU4+AV4 -> 192 | AX4: =AW4*#REF! -> #REF! | AY4: =AX4/$AX$1 -> #REF! | AZ4: 0.9694 | BA4: 1 | BB4: 166 | BC4: =BA4+BB4 -> 167 | BD4: =BC4*#REF! -> #REF! | BE4: =BD4/$BD$1 -> #REF! | BF4: 0.9603 | BG4: 2 | BH4: 166 | BI4: =BG4+BH4 -> 168 | BJ4: =BI4*#REF! -> #REF! | BK4: =BJ4/$BJ$1 -> #REF! | BL4: 0.9121 | BM4: 0 | BN4: 84 | BO4: =BM4+BN4 -> 84 | BP4: =BO4*#REF! -> #REF! | BQ4: =BP4/$BP$1 -> #REF! | BR4: 0.9745 | BS4: 0 | BT4: 93 | BU4: 437106 | BV4: 1 | BW4: 5499 | BX4: 17 | BY4: 80523 | BZ4: =BS4+BT4+BX4+BV4 -> 111 | CA4: =BY4+BU4+BW4 -> 523128 | CB4: =CA4/$CA$1 -> 0.063934335 | CC4: =BZ4*#REF! -> #REF! | CD4: 83 | CE4: 391213 | CF4: 1 | CG4: 4699 | CH4: 68 | CI4: 244732 | CJ4: =CD4+CH4+CF4 -> 152 | CK4: =CI4+CE4+CG4 -> 640644 | CL4: =CK4/$CK$1 -> 0.08647456 | CM4: =CJ4*#REF! -> #REF! | CN4: 103 | CO4: 484640.58 | CP4: 0 | CQ4: 0 | CR4: 34 | CS4: 136654 | CT4: =CN4+CR4+CP4 -> 137 | CU4: =CS4+CO4+CQ4 -> 621294.58 | CV4: =CU4/$CU$1 -> 0.087806033 | CW4: =CT4*#REF! -> #REF! | CX4: 149 | CY4: 698210.16 | CZ4: 0 | DA4: 0 | DB4: =CX4+CZ4 -> 149 | DC4: =CY4+DA4 -> 698210.16 | DD4: =DC4/$DC$1 -> 0.091231552 | DE4: 18631 | DF4: 190 | DG4: 817626 | DH4: =DB4*#REF! -> #REF! | DI4: 101 | DJ4: 465903.58 | DK4: 0 | DL4: 0 | DM4: =DI4+DK4 -> 101 | DN4: =DJ4+DL4 -> 465903.58 | DO4: =DN4/1.18 -> 394833.54 | DP4: =DN4/$DN$1 -> 0.053363603 | DQ4: 16563 | DR4: 141 | DS4: 593122 | DT4: =DS4/$DS$1 -> 0.059206795 | DU4: =DM4*#REF! -> #REF! | DV4: =(DR4-DF4)/DF4 -> -0.25789474 | DW4: =(DM4-DB4)/DB4 -> -0.32214765 | DX4: 71125.03 | DY4: 172 | DZ4: 583195.59 | EA4: =DX4/DZ4 -> 0.12195742 | EB4: =DX4/DO4 -> 0.18013928 | EC4: Decrese in Footfall by 2K | ED4: AMS recheck, Meta promo., 1% coupon & Customer review | EE4: 145 | EF4: 647476.04 | EG4: 3 | EH4: 13197 | EI4: =EE4+EG4 -> 148 | EJ4: =EF4+EH4 -> 660673.04 | EK4: =EJ4/1.18 -> 559892.41 | EL4: =EJ4/$EJ$1 -> 0.067035106 | EM4: 19473 | EN4: 219 | EO4: 869729 | EP4: =EO4/$EO$1 -> 0.076797514 | EQ4: =EI4*#REF! -> #REF! | ER4: =(EN4-DR4)/DR4 -> 0.55319149 | ES4: =(EI4-DM4)/DM4 -> 0.46534653 | EV4: 394 | EW4: 1689291.3 | EX4: 0 | EY4: 0 | EZ4: =EV4+EX4 -> 394 | FA4: =EW4+EY4 -> 1689291.3 | FB4: =FA4/1.18 -> 1431602.8 | FC4: =FA4/$FA$1 -> 0.16494653 | FD4: 29522 | FE4: 619 | FF4: 2405259 | FG4: =FF4/$FF$1 -> 0.18300401 | FH4: =EZ4*#REF! -> #REF! | FI4: 566 | FJ4: 2298409.9 | FK4: 2 | FL4: 7998 | FM4: =FI4+FK4 -> 568 | FN4: =FJ4+FL4 -> 2306407.9 | FO4: =FN4/1.18 -> 1954582.9 | FP4: =FN4/$FN$1 -> 0.17796948 | FQ4: 40432 | FR4: 821 | FS4: 3024056 | FT4: =FS4/$FS$1 -> 0.17969321 | FU4: =FM4*#REF! -> #REF! | FV4: 369 | FW4: 1558227.8 | FX4: 0 | FY4: 0 | FZ4: =FV4+FX4 -> 369 | GA4: =FW4+FY4 -> 1558227.8 | GB4: =GA4/1.18 -> 1320532 | GC4: =GA4/$GA$1 -> 0.14315899 | GD4: 31209 | GE4: 496 | GF4: 1943744 | GG4: =GF4/$GF$1 -> 0.15802345 | GH4: =J4*FZ4 -> 752293.98 | GI4: 321 | GJ4: 1375897.3 | GM4: =GI4+GK4 -> 321 | GN4: =GJ4+GL4 -> 1375897.3 | GO4: =GN4/1.18 -> 1166014.7 | GP4: =GN4/$GN$1 -> 0.15307181 | GQ4: 22124 | GR4: 415 | GS4: 1592898 | GT4: =GS4/$GS$1 -> 0.15109328 | GU4: =J4*GM4 -> 654434.6 | GV4: 260 | GW4: 1046390.8 | GZ4: =GV4+GX4 -> 260 | HA4: =GW4+GY4 -> 1046390.8 | HB4: =HA4/1.18 -> 886771.9 | HC4: =HA4/$HA$1 -> 0.1255163 | HD4: 27884 | HE4: 510 | HF4: 1985633 | HG4: =HF4/$HF$1 -> 0.1722569 | HH4: =J4*GZ4 -> 530071.64 | HI4: 397 | HJ4: 1667301.6 | HM4: =HI4+HK4 -> 397 | HN4: =HJ4+HL4 -> 1667301.6 | HO4: =HN4/1.18 -> 1412967.5 | HP4: =HN4/$HN$1 -> 0.19905961 | HQ4: 31418 | HR4: 512 | HS4: 1962073 | HT4: =HS4/$HS$1 -> 0.20362698 | HU4: =J4*HM4 -> 809378.61 | HV4: 170 | HW4: 724970 | HX4: 471 | HY4: 2047529.4 | HZ4: =HV4+HX4 -> 641 | IA4: =HW4+HY4 -> 2772499.4 | IB4: =IA4/1.18 -> 2349575.8 | IC4: =IA4/$IA$1 -> 0.22602741 | ID4: 28144 | IE4: 82 | IF4: 274498 | IG4: =IF4/$IF$1 -> 0.15193597 | IH4: =IY4*HZ4 -> 1388381.1 | II4: 61 | IJ4: 271376 | IK4: 363 | IL4: 1579169.6 | IM4: =II4+IK4 -> 424 | IN4: =IJ4+IL4 -> 1850545.6 | IO4: =IN4/1.18 -> 1568259 | IP4: =IN4/$IN$1 -> 0.20116058 | IQ4: 23644 | IR4: 73 | IS4: 302349 | IT4: =IS4/$IS$1 -> 0.28868166 | IU4: =IY4*IM4 -> 918367.52 | IV4: =E4 -> AI-04 Red | IW4: =A4 -> B0BPLZ5CGV | IX4: =B4 -> FBA76864 | IY4: 2165.9611 | IZ4: 224 | JA4: =IZ4*IY4 -> 485175.29 | JB4: 428 | JC4: =JB4*IY4 -> 927031.36 | JD4: 53 | JE4: =JD4*IY4 -> 114795.94 | JF4: 0 | JG4: =JF4*IY4 -> 0 | JH4: 0 | JI4: =JH4*IY4 -> 0 | JJ4: 2005 | JK4: =JJ4*IY4 -> 4342752 | JL4: 2000 | JM4: =JL4*IY4 -> 4331922.2 | JN4: =IZ4+JB4+JH4+JD4+JF4+JJ4+JL4 -> 4710 | JO4: =JN4*IY4 -> 10201677 | JP4: =E4 -> AI-04 Red | JQ4: =C4 -> Head | JR4: 2165.9611 | JS4: 12 | JT4: 51453.48 | JU4: 473 | JV4: 2051907.5 | JW4: =JS4+JU4 -> 485 | JX4: =JT4+JV4 -> 2103360.9 | JY4: =JX4/1.18 -> 1782509.3 | JZ4: =JX4/$JX$1 -> 0.19120454 | KA4: 27717 | KB4: 73 | KC4: 302349 | KD4: =KC4/$IS$1 -> 0.28868166 | KE4: =KI4*JW4 -> 1050491.1 | KF4: =E4 -> AI-04 Red | KG4: =A4 -> B0BPLZ5CGV | KH4: =B4 -> FBA76864 | KI4: 2165.9611 | KJ4: 154 | KK4: =KJ4*KI4 -> 333558.01 | KL4: 15 | KM4: =KL4*KI4 -> 32489.417 | KN4: 53 | KO4: =KN4*KI4 -> 114795.94 | KP4: 0 | KQ4: =KP4*KI4 -> 0 | KR4: 0 | KS4: =KR4*KI4 -> 0 | KT4: 2005 | KU4: =KT4*KI4 -> 4342752 | KV4: 2000 | KW4: =KV4*KI4 -> 4331922.2 | KX4: =KJ4+KL4+KR4+KN4+KP4+KT4+KV4 -> 4227 | KY4: =KX4*KI4 -> 9155517.7 | KZ4: =E4 -> AI-04 Red | LA4: =C4 -> Head | LB4: 2165.9611 | LC4: 4 | LD4: 18047 | LE4: 490 | LF4: 2155069.8 | LG4: =LC4+LE4 -> 494 | LH4: =LD4+LF4 -> 2173116.8 | LI4: =LH4/1.18 -> 1841624.4 | LJ4: =LH4/$LH$1 -> 0.20096577 | LK4: 29791 | LL4: 73 | LM4: 302349 | LN4: =LM4/$IS$1 -> 0.28868166 | LO4: =LS4*LG4 -> 1007136.1 | LP4: =E4 -> AI-04 Red | LQ4: =A4 -> B0BPLZ5CGV | LR4: =B4 -> FBA76864 | LS4: 2038.7371 | LT4: 144 | LU4: =LT4*LS4 -> 293578.14 | LV4: 1404 | LW4: =LV4*LS4 -> 2862386.8 | LX4: 0 | LY4: =LX4*LS4 -> 0 | LZ4: 0 | MA4: =LZ4*LS4 -> 0 | MB4: 0 | MC4: =MB4*LS4 -> 0 | MD4: 2000 | ME4: =MD4*LS4 -> 4077474.1 | MF4: 0 | MG4: =MF4*LS4 -> 0 | MH4: =LT4+LV4+MB4+LX4+LZ4+MD4+MF4 -> 3548 | MI4: =MH4*LS4 -> 7233439.1 | MJ4: =E4 -> AI-04 Red | MK4: Head | ML4: 2038.7371 | MM4: 6 | MN4: 26771 | MO4: 685 | MP4: 2974015.7 | MQ4: =MM4+MO4 -> 691 | MR4: =MN4+MP4 -> 3000786.7 | MS4: =MR4/1.18 -> 2543039.6 | MT4: =MR4/$MR$1 -> 0.21996507 | MU4: 38774 | MV4: 73 | MW4: 302349 | MX4: =MW4/$IS$1 -> 0.28868166 | MY4: =MQ4*NC4 -> 1408767.3 | MZ4: =E4 -> AI-04 Red | NA4: =A4 -> B0BPLZ5CGV | NB4: =B4 -> FBA76864 | NC4: =J4 -> 2038.7371 | ND4: 227 | NE4: =ND4*NC4 -> 462793.31 | NF4: 898 | NG4: =NF4*NC4 -> 1830785.9 | NH4: 0 | NI4: =NH4*NC4 -> 0 | NJ4: 0 | NK4: =NJ4*NC4 -> 0 | NL4: 0 | NM4: =NL4*NC4 -> 0 | NN4: 2000 | NO4: =NN4*NC4 -> 4077474.1 | NP4: 0 | NQ4: =NP4*NC4 -> 0 | NR4: =ND4+NF4+NL4+NH4+NJ4+NN4+NP4 -> 3125 | NS4: =NR4*NC4 -> 6371053.3 | NT4: 425 | NU4: =E4 -> AI-04 Red | NV4: Head | NW4: 2038.7371 | NX4: 10 | NY4: 45256 | NZ4: 574 | OA4: 2493229 | OB4: =NX4+NZ4 -> 584 | OC4: =NY4+OA4 -> 2538485 | OD4: =OC4/1.18 -> 2151258.5 | OE4: =OC4/$OC$1 -> 0.1778762 | OF4: 35946 | OG4: 73 | OH4: 302349 | OI4: =OH4/$IS$1 -> 0.28868166 | OJ4: =OB4*ON4 -> 1190622.4 | OK4: =E4 -> AI-04 Red | OL4: =A4 -> B0BPLZ5CGV | OM4: =B4 -> FBA76864 | ON4: =J4 -> 2038.7371 | OO4: 191 | OP4: =OO4*ON4 -> 389398.78 | OQ4: 1206 | OR4: =OQ4*ON4 -> 2458716.9 | OS4: 0 | OT4: =OS4*ON4 -> 0 | OU4: 0 | OV4: =OU4*ON4 -> 0 | OW4: 0 | OX4: =OW4*ON4 -> 0 | OY4: 0 | OZ4: =OY4*ON4 -> 0 | PA4: 2010 | PB4: =PA4*ON4 -> 4097861.5 | PC4: =OO4+OQ4+OW4+OS4+OU4+OY4+PA4 -> 3407 | PD4: =PC4*ON4 -> 6945977.2 | PE4: 1286 | PF4: =E4 -> AI-04 Red | PG4: Head | PH4: 2038.7371 | PI4: 1 | PJ4: 4663 | PK4: 657 | PL4: 2795531.5 | PM4: =PI4+PK4 -> 658 | PN4: =PJ4+PL4 -> 2800194.5 | PO4: =PN4/1.18 -> 2373046.2 | PP4: =PN4/$PN$1 -> 0.15774164 | PQ4: 41650 | PR4: 73 | PS4: 302349 | PT4: =PS4/$IS$1 -> 0.28868166 | PU4: =PM4*PY4 -> 1341489 | PV4: =E4 -> AI-04 Red | PW4: =A4 -> B0BPLZ5CGV | PX4: =B4 -> FBA76864 | PY4: =J4 -> 2038.7371 | PZ4: 108 | QA4: =PZ4*PY4 -> 220183.6 | QC4: =QB4*PY4 -> 0 | QD4: 0 | QE4: =QD4*PY4 -> 0 | QF4: 0 | QG4: =QF4*PY4 -> 0 | QH4: 0 | QI4: =QH4*PY4 -> 0 | QJ4: 0 | QK4: =QJ4*PY4 -> 0 | QL4: 2010 | QM4: =QL4*PY4 -> 4097861.5 | QN4: =PZ4+QB4+QH4+QD4+QF4+QJ4+QL4 -> 2118 | QO4: =QN4*PY4 -> 4318045.1 | QP4: 1089 | QQ4: =E4 -> AI-04 Red | QR4: Head | QS4: 2038.7371 | QT4: 1 | QU4: 4839 | QV4: 670 | QW4: 2806526 | QX4: =QT4+QV4 -> 671 | QY4: =QU4+QW4 -> 2811365 | QZ4: =QY4/1.18 -> 2382512.7 | RA4: =QY4/$QY$1 -> 0.15043793 | RB4: 40727 | RC4: 73 | RD4: 302349 | RE4: =RD4/$IS$1 -> 0.28868166 | RF4: =QX4*RJ4 -> 1367992.6 | RG4: =E4 -> AI-04 Red | RH4: =A4 -> B0BPLZ5CGV | RI4: =B4 -> FBA76864 | RJ4: =J4 -> 2038.7371 | RK4: 31 | RL4: =RK4*RJ4 -> 63200.849 | RM4: 2736 | RN4: =RM4*RJ4 -> 5577984.6 | RO4: 28 | RP4: =RO4*RJ4 -> 57084.638 | RQ4: 0 | RR4: =RQ4*RJ4 -> 0 | RS4: 0 | RT4: =RS4*RJ4 -> 0 | RU4: 0 | RV4: =RU4*RJ4 -> 0 | RW4: 0 | RX4: =RW4*RJ4 -> 0 | RY4: =RK4+RM4+RS4+RO4+RQ4+RU4+RW4 -> 2795 | RZ4: =RY4*RJ4 -> 5698270.1 | SA4: 577 | SB4: =E4 -> AI-04 Red | SC4: Head | SD4: =J4 -> 2038.7371 | SE4: 1 | SF4: 4663 | SG4: 514 | SH4: 2260796 | SI4: =SE4+SG4 -> 515 | SJ4: =SF4+SH4 -> 2265459 | SK4: =SJ4/1.18 -> 1919880.5 | SL4: =SJ4/$SJ$1 -> 0.14513572 | SM4: 115510 | SN4: 73 | SO4: 302349 | SP4: =SO4/$IS$1 -> 0.28868166 | SQ4: =SI4*SU4 -> 1049949.6 | SR4: =E4 -> AI-04 Red | SS4: =A4 -> B0BPLZ5CGV | ST4: =B4 -> FBA76864 | SU4: =J4 -> 2038.7371 | SV4: 299 | SW4: =SV4*SU4 -> 609582.38 | SX4: 2121 | SY4: =SX4*SU4 -> 4324161.3 | SZ4: 28 | TA4: =SZ4*SU4 -> 57084.638 | TB4: 0 | TC4: =TB4*SU4 -> 0 | TD4: 0 | TE4: =TD4*SU4 -> 0 | TF4: 0 | TG4: =TF4*SU4 -> 0 | TH4: 0 | TI4: =TH4*SU4 -> 0 | TJ4: =SV4+SX4+TD4+SZ4+TB4+TF4+TH4 -> 2448 | TK4: =TJ4*SU4 -> 4990828.3 | TL4: 639 | TM4: =E4 -> AI-04 Red | TN4: Head | TO4: =J4 -> 2038.7371 | TP4: 2 | TQ4: 4839 | TR4: 660 | TS4: 2892346.1 | TT4: =TP4+TR4 -> 662 | TU4: =TQ4+TS4 -> 2897185.1 | TV4: =TU4/1.18 -> 2455241.6 | TW4: =TU4/$TU$1 -> 0.17110999 | TX4: 107526 | TY4: 73 | TZ4: 302349 | UA4: =TZ4/$IS$1 -> 0.28868166 | UB4: =TT4*J4 -> 1349643.9 | UC4: =E4 -> AI-04 Red | UD4: =A4 -> B0BPLZ5CGV | UE4: =B4 -> FBA76864 | UF4: =J4 -> 2038.7371 | UG4: 268 | UH4: =UG4*J4 -> 546381.53 | UI4: 968 | UJ4: =UI4*J4 -> 1973497.5 | UK4: 28 | UL4: =UK4*J4 -> 57084.638 | UM4: 0 | UN4: =UM4*J4 -> 0 | UO4: 0 | UP4: =UO4*J4 -> 0 | UQ4: 0 | UR4: =UQ4*J4 -> 0 | US4: 0 | UT4: =US4*J4 -> 0 | UU4: =UG4+UI4+UO4+UK4+UM4+UQ4+US4 -> 1264 | UV4: =UU4*J4 -> 2576963.6 | UW4: 1027 | UX4: =E4 -> AI-04 Red | UY4: Head | UZ4: =J4 -> 2038.7371 | VA4: 11 | VB4: 44654 | VC4: 668 | VD4: 2989104.2 | VE4: =VA4+VC4 -> 679 | VF4: =VB4+VD4 -> 3033758.2 | VG4: =VF4/1.18 -> 2570981.5 | VH4: =VF4/$VF$1 -> 0.18133138 | VI4: 139681 | VJ4: 73 | VK4: 302349 | VL4: =VK4/$IS$1 -> 0.28868166 | VM4: =VE4*J4 -> 1384302.5 | VN4: =E4 -> AI-04 Red | VO4: =A4 -> B0BPLZ5CGV | VP4: =B4 -> FBA76864 | VQ4: =J4 -> 2038.7371 | VR4: 280 | VS4: =VR4*J4 -> 570846.38 | VT4: 498 | VU4: =VT4*J4 -> 1015291.1 | VV4: 6 | VW4: =VV4*J4 -> 12232.422 | VX4: 0 | VY4: =VX4*J4 -> 0 | VZ4: 0 | WA4: =VZ4*J4 -> 0 | WB4: 0 | WC4: =WB4*J4 -> 0 | WD4: 2010 | WE4: =WD4*J4 -> 4097861.5 | WF4: =VR4+VT4+VZ4+VV4+VX4+WB4+WD4 -> 2794 | WG4: =WF4*J4 -> 5696231.3 | WH4: 768 | WI4: =E4 -> AI-04 Red | WJ4: Head | WK4: =J4 -> 2038.7371
A5: B0B4DPX2J2 | B5: FBA75673 | C5: Head | D5: Audio Array | E5: AM-C1 | F5: Head | G5: ZTU12 | H5: Microphone Condenser | I5: USB Microphone Kit - Boomarm | J5: 1317.2588 | K5: Zimhome (Lucas) | L5: 0.0035 | M5: 67 | N5: 93 | O5: 3 | P5: =M5+N5+O5 -> 163 | Q5: 0.3975 | R5: 17 | S5: 89 | T5: 46 | U5: =R5+S5+T5 -> 152 | V5: 0.1319 | W5: 14 | X5: 162 | Y5: 14 | Z5: =W5+X5+Y5 -> 190 | AA5: =Z5/$Z$1 -> 0.16337059 | AB5: 0.969 | AC5: 0 | AD5: 9 | AE5: 113 | AF5: =AC5+AD5+AE5 -> 122 | AG5: =AF5/$AF$1 -> 0.090976883 | AH5: 0.9821 | AI5: 0 | AJ5: 0 | AK5: 112 | AL5: =AI5+AJ5+AK5 -> 112 | AM5: =AL5/$AL$1 -> 0.095076401 | AN5: 0.9739 | AO5: 0 | AP5: 169 | AQ5: =AO5+AP5 -> 169 | AR5: =AQ5*#REF! -> #REF! | AS5: =AR5/$AR$1 -> #REF! | AT5: 0.9437 | AU5: 12 | AV5: 213 | AW5: =AU5+AV5 -> 225 | AX5: =AW5*#REF! -> #REF! | AY5: =AX5/$AX$1 -> #REF! | AZ5: 0.9768 | BA5: 2 | BB5: 474 | BC5: =BA5+BB5 -> 476 | BD5: =BC5*#REF! -> #REF! | BE5: =BD5/$BD$1 -> #REF! | BF5: 0.9982 | BG5: 0 | BH5: 469 | BI5: =BG5+BH5 -> 469 | BJ5: =BI5*#REF! -> #REF! | BK5: =BJ5/$BJ$1 -> #REF! | BL5: 0.9845 | BM5: 0 | BN5: 458 | BO5: =BM5+BN5 -> 458 | BP5: =BO5*#REF! -> #REF! | BQ5: =BP5/$BP$1 -> #REF! | BR5: 0.999 | BS5: 0 | BT5: 421 | BU5: 949158.74 | BV5: 0 | BW5: 0 | BX5: 212 | BY5: 317788 | BZ5: =BS5+BT5+BX5+BV5 -> 633 | CA5: =BY5+BU5+BW5 -> 1266946.7 | CB5: =CA5/$CA$1 -> 0.15484049 | CC5: =BZ5*#REF! -> #REF! | CD5: 180 | CE5: 428462.48 | CF5: 0 | CG5: 0 | CH5: 189 | CI5: 284061 | CJ5: =CD5+CH5+CF5 -> 369 | CK5: =CI5+CE5+CG5 -> 712523.48 | CL5: =CK5/$CK$1 -> 0.096176901 | CM5: =CJ5*#REF! -> #REF! | CN5: 222 | CO5: 528838 | CP5: 0 | CQ5: 0 | CR5: 15 | CS5: 26162 | CT5: =CN5+CR5+CP5 -> 237 | CU5: =CS5+CO5+CQ5 -> 555000 | CV5: =CU5/$CU$1 -> 0.078436783 | CW5: =CT5*#REF! -> #REF! | CX5: 397 | CY5: 974324.58 | CZ5: 0 | DA5: 0 | DB5: =CX5+CZ5 -> 397 | DC5: =CY5+DA5 -> 974324.58 | DD5: =DC5/$DC$1 -> 0.12731001 | DE5: 28955 | DF5: 502 | DG5: 1151371 | DH5: =DB5*#REF! -> #REF! | DI5: 595 | DJ5: 1434732.4 | DK5: 1 | DL5: 2578 | DM5: =DI5+DK5 -> 596 | DN5: =DJ5+DL5 -> 1437310.4 | DO5: =DN5/1.18 -> 1218059.7 | DP5: =DN5/$DN$1 -> 0.16462647 | DQ5: 38116 | DR5: 716 | DS5: 1650450 | DT5: =DS5/$DS$1 -> 0.1647517 | DU5: =DM5*#REF! -> #REF! | DV5: =(DR5-DF5)/DF5 -> 0.42629482 | DW5: =(DM5-DB5)/DB5 -> 0.50125945 | DX5: 97102.17 | DY5: 295 | DZ5: 578582.86 | EA5: =DX5/DZ5 -> 0.1678276 | EB5: =DX5/DO5 -> 0.079718731 | EC5: - | ED5: - | EE5: 505 | EF5: 1170432.2 | EG5: 0 | EH5: 0 | EI5: =EE5+EG5 -> 505 | EJ5: =EF5+EH5 -> 1170432.2 | EK5: =EJ5/1.18 -> 991891.72 | EL5: =EJ5/$EJ$1 -> 0.11875776 | EM5: 29010 | EN5: 638 | EO5: 1361368 | EP5: =EO5/$EO$1 -> 0.12020949 | EQ5: =EI5*#REF! -> #REF! | ER5: =(EN5-DR5)/DR5 -> -0.10893855 | ES5: =(EI5-DM5)/DM5 -> -0.15268456 | ET5: Listing i0ctive | EV5: 491 | EW5: 1162703 | EX5: 17 | EY5: 39182 | EZ5: =EV5+EX5 -> 508 | FA5: =EW5+EY5 -> 1201885 | FB5: =FA5/1.18 -> 1018546.6 | FC5: =FA5/$FA$1 -> 0.11735498 | FD5: 35846 | FE5: 738 | FF5: 1663594 | FG5: =FF5/$FF$1 -> 0.12657446 | FH5: =EZ5*#REF! -> #REF! | FI5: 1090 | FJ5: 2491275.1 | FK5: 6 | FL5: 13593 | FM5: =FI5+FK5 -> 1096 | FN5: =FJ5+FL5 -> 2504868.1 | FO5: =FN5/1.18 -> 2122769.6 | FP5: =FN5/$FN$1 -> 0.19328327 | FQ5: 56507 | FR5: 1535 | FS5: 3317267 | FT5: =FS5/$FS$1 -> 0.19711618 | FU5: =FM5*#REF! -> #REF! | FV5: 1088 | FW5: 2642995.1 | FX5: 0 | FY5: 0 | FZ5: =FV5+FX5 -> 1088 | GA5: =FW5+FY5 -> 2642995.1 | GB5: =GA5/1.18 -> 2239826.3 | GC5: =GA5/$GA$1 -> 0.24281976 | GD5: 50291 | GE5: 1291 | GF5: 2963807 | GG5: =GF5/$GF$1 -> 0.24095302 | GH5: =J5*FZ5 -> 1433177.6 | GI5: 757 | GJ5: 1882205.6 | GM5: =GI5+GK5 -> 757 | GN5: =GJ5+GL5 -> 1882205.6 | GO5: =GN5/1.18 -> 1595089.5 | GP5: =GN5/$GN$1 -> 0.20939979 | GQ5: 37151 | GR5: 958 | GS5: 2293047 | GT5: =GS5/$GS$1 -> 0.21750544 | GU5: =J5*GM5 -> 997164.92 | GV5: 837 | GW5: 2090690.3 | GZ5: =GV5+GX5 -> 837 | HA5: =GW5+GY5 -> 2090690.3 | HB5: =HA5/1.18 -> 1771771.4 | HC5: =HA5/$HA$1 -> 0.25078175 | HD5: 48891 | HE5: 1234 | HF5: 2934850 | HG5: =HF5/$HF$1 -> 0.25460302 | HH5: =J5*GZ5 -> 1102545.6 | HI5: 806 | HJ5: 2090564.3 | HM5: =HI5+HK5 -> 806 | HN5: =HJ5+HL5 -> 2090564.3 | HO5: =HN5/1.18 -> 1771664.7 | HP5: =HN5/$HN$1 -> 0.24959306 | HQ5: 43643 | HR5: 976 | HS5: 2399887 | HT5: =HS5/$HS$1 -> 0.24906399 | HU5: =J5*HM5 -> 1061710.6 | HV5: 272 | HW5: 710580.58 | HX5: 805 | HY5: 2127195.4 | HZ5: =HV5+HX5 -> 1077 | IA5: =HW5+HY5 -> 2837775.9 | IB5: =IA5/1.18 -> 2404894.9 | IC5: =IA5/$IA$1 -> 0.23134907 | ID5: 41037 | IE5: 53 | IF5: 108708 | IG5: =IF5/$IF$1 -> 0.060170402 | IH5: =IY5*HZ5 -> 1541573.5 | II5: 43 | IJ5: 118336 | IK5: 651 | IL5: 1754256.1 | IM5: =II5+IK5 -> 694 | IN5: =IJ5+IL5 -> 1872592.1 | IO5: =IN5/1.18 -> 1586942.4 | IP5: =IN5/$IN$1 -> 0.2035571 | IQ5: 34420 | IR5: 39 | IS5: 107367 | IT5: =IS5/$IS$1 -> 0.1025136 | IU5: =IY5*IM5 -> 993363.08 | IV5: =E5 -> AM-C1 | IW5: =A5 -> B0B4DPX2J2 | IX5: =B5 -> FBA75673 | IY5: 1431.3589 | IZ5: 281 | JA5: =IZ5*IY5 -> 402211.85 | JB5: 2317 | JC5: =JB5*IY5 -> 3316458.6 | JD5: 0 | JE5: =JD5*IY5 -> 0 | JF5: 0 | JG5: =JF5*IY5 -> 0 | JH5: 0 | JI5: =JH5*IY5 -> 0 | JJ5: 996 | JK5: =JJ5*IY5 -> 1425633.5 | JL5: 0 | JM5: =JL5*IY5 -> 0 | JN5: =IZ5+JB5+JH5+JD5+JF5+JJ5+JL5 -> 3594 | JO5: =JN5*IY5 -> 5144303.9 | JP5: =E5 -> AM-C1 | JQ5: =C5 -> Head | JR5: 1431.3589 | JS5: 15 | JT5: 39524.78 | JU5: 887 | JV5: 2367821.2 | JW5: =JS5+JU5 -> 902 | JX5: =JT5+JV5 -> 2407345.9 | JY5: =JX5/1.18 -> 2040123.7 | JZ5: =JX5/$JX$1 -> 0.21883808 | KA5: 41601 | KB5: 39 | KC5: 107367 | KD5: =KC5/$IS$1 -> 0.1025136 | KE5: =KI5*JW5 -> 1291085.7 | KF5: =E5 -> AM-C1 | KG5: =A5 -> B0B4DPX2J2 | KH5: =B5 -> FBA75673 | KI5: 1431.3589 | KJ5: 262 | KK5: =KJ5*KI5 -> 375016.03 | KL5: 1014 | KM5: =KL5*KI5 -> 1451397.9 | KN5: 0 | KO5: =KN5*KI5 -> 0 | KP5: 0 | KQ5: =KP5*KI5 -> 0 | KR5: 0 | KS5: =KR5*KI5 -> 0 | KT5: 996 | KU5: =KT5*KI5 -> 1425633.5 | KV5: 0 | KW5: =KV5*KI5 -> 0 | KX5: =KJ5+KL5+KR5+KN5+KP5+KT5+KV5 -> 2272 | KY5: =KX5*KI5 -> 3252047.4 | KZ5: =E5 -> AM-C1 | LA5: =C5 -> Head | LB5: 1431.3589 | LC5: 14 | LD5: 38601 | LE5: 981 | LF5: 2646822.1 | LG5: =LC5+LE5 -> 995 | LH5: =LD5+LF5 -> 2685423.1 | LI5: =LH5/1.18 -> 2275782.3 | LJ5: =LH5/$LH$1 -> 0.24834289 | LK5: 51416 | LL5: 39 | LM5: 107367 | LN5: =LM5/$IS$1 -> 0.1025136 | LO5: =LS5*LG5 -> 1310672.5 | LP5: =E5 -> AM-C1 | LQ5: =A5 -> B0B4DPX2J2 | LR5: =B5 -> FBA75673 | LS5: 1317.2588 | LT5: 250 | LU5: =LT5*LS5 -> 329314.7 | LV5: 922 | LW5: =LV5*LS5 -> 1214512.6 | LX5: 0 | LY5: =LX5*LS5 -> 0 | LZ5: 0 | MA5: =LZ5*LS5 -> 0 | MB5: 0 | MC5: =MB5*LS5 -> 0 | MD5: 4500 | ME5: =MD5*LS5 -> 5927664.6 | MF5: 1500 | MG5: =MF5*LS5 -> 1975888.2 | MH5: =LT5+LV5+MB5+LX5+LZ5+MD5+MF5 -> 7172 | MI5: =MH5*LS5 -> 9447380.2 | MJ5: =E5 -> AM-C1 | MK5: Head | ML5: 1317.2588 | MM5: 10 | MN5: 26902 | MO5: 1434 | MP5: 3813686.7 | MQ5: =MM5+MO5 -> 1444 | MR5: =MN5+MP5 -> 3840588.7 | MS5: =MR5/1.18 -> 3254736.2 | MT5: =MR5/$MR$1 -> 0.28152463 | MU5: 61960 | MV5: 39 | MW5: 107367 | MX5: =MW5/$IS$1 -> 0.1025136 | MY5: =MQ5*NC5 -> 1902121.7 | MZ5: =E5 -> AM-C1 | NA5: =A5 -> B0B4DPX2J2 | NB5: =B5 -> FBA75673 | NC5: =J5 -> 1317.2588 | ND5: 214 | NE5: =ND5*NC5 -> 281893.38 | NF5: 25 | NG5: =NF5*NC5 -> 32931.47 | NH5: 0 | NI5: =NH5*NC5 -> 0 | NJ5: 0 | NK5: =NJ5*NC5 -> 0 | NL5: 0 | NM5: =NL5*NC5 -> 0 | NN5: 4500 | NO5: =NN5*NC5 -> 5927664.6 | NP5: 1500 | NQ5: =NP5*NC5 -> 1975888.2 | NR5: =ND5+NF5+NL5+NH5+NJ5+NN5+NP5 -> 6239 | NS5: =NR5*NC5 -> 8218377.7 | NT5: 829 | NU5: =E5 -> AM-C1 | NV5: Head | NW5: 1317.2588 | NX5: 47 | NY5: 127333.58 | NZ5: 1350 | OA5: 3609960 | OB5: =NX5+NZ5 -> 1397 | OC5: =NY5+OA5 -> 3737293.6 | OD5: =OC5/1.18 -> 3167197.9 | OE5: =OC5/$OC$1 -> 0.26187887 | OF5: 60404 | OG5: 39 | OH5: 107367 | OI5: =OH5/$IS$1 -> 0.1025136 | OJ5: =OB5*ON5 -> 1840210.6 | OK5: =E5 -> AM-C1 | OL5: =A5 -> B0B4DPX2J2 | OM5: =B5 -> FBA75673 | ON5: =J5 -> 1317.2588 | OO5: 148 | OP5: =OO5*ON5 -> 194954.3 | OQ5: 1802 | OR5: =OQ5*ON5 -> 2373700.4 | OS5: 12 | OT5: =OS5*ON5 -> 15807.106 | OU5: 0 | OV5: =OU5*ON5 -> 0 | OW5: 0 | OX5: =OW5*ON5 -> 0 | OY5: 0 | OZ5: =OY5*ON5 -> 0 | PA5: 3000 | PB5: =PA5*ON5 -> 3951776.4 | PC5: =OO5+OQ5+OW5+OS5+OU5+OY5+PA5 -> 4962 | PD5: =PC5*ON5 -> 6536238.2 | PE5: 3777 | PF5: =E5 -> AM-C1 | PG5: Head | PH5: 1317.2588 | PI5: 3 | PJ5: 8583 | PK5: 1622 | PL5: 4128350.2 | PM5: =PI5+PK5 -> 1625 | PN5: =PJ5+PL5 -> 4136933.2 | PO5: =PN5/1.18 -> 3505875.6 | PP5: =PN5/$PN$1 -> 0.23304332 | PQ5: 75028 | PR5: 39 | PS5: 107367 | PT5: =PS5/$IS$1 -> 0.1025136 | PU5: =PM5*PY5 -> 2140545.6 | PV5: =E5 -> AM-C1 | PW5: =A5 -> B0B4DPX2J2 | PX5: =B5 -> FBA75673 | PY5: =J5 -> 1317.2588 | PZ5: 94 | QA5: =PZ5*PY5 -> 123822.33 | QC5: =QB5*PY5 -> 0 | QD5: 12 | QE5: =QD5*PY5 -> 15807.106 | QF5: 0 | QG5: =QF5*PY5 -> 0 | QH5: 0 | QI5: =QH5*PY5 -> 0 | QJ5: 0 | QK5: =QJ5*PY5 -> 0 | QL5: 3000 | QM5: =QL5*PY5 -> 3951776.4 | QN5: =PZ5+QB5+QH5+QD5+QF5+QJ5+QL5 -> 3106 | QO5: =QN5*PY5 -> 4091405.9 | QP5: 3871 | QQ5: =E5 -> AM-C1 | QR5: Head | QS5: 1317.2588 | QT5: 6 | QU5: 16494 | QV5: 1669 | QW5: 4262208 | QX5: =QT5+QV5 -> 1675 | QY5: =QU5+QW5 -> 4278702 | QZ5: =QY5/1.18 -> 3626018.6 | RA5: =QY5/$QY$1 -> 0.22895607 | RB5: 79451 | RC5: 39 | RD5: 107367 | RE5: =RD5/$IS$1 -> 0.1025136 | RF5: =QX5*RJ5 -> 2206408.5 | RG5: =E5 -> AM-C1 | RH5: =A5 -> B0B4DPX2J2 | RI5: =B5 -> FBA75673 | RJ5: =J5 -> 1317.2588 | RK5: 145 | RL5: =RK5*RJ5 -> 191002.53 | RM5: 3335 | RN5: =RM5*RJ5 -> 4393058.1 | RO5: 1 | RP5: =RO5*RJ5 -> 1317.2588 | RQ5: 0 | RR5: =RQ5*RJ5 -> 0 | RS5: 0 | RT5: =RS5*RJ5 -> 0 | RU5: 0 | RV5: =RU5*RJ5 -> 0 | RW5: 3000 | RX5: =RW5*RJ5 -> 3951776.4 | RY5: =RK5+RM5+RS5+RO5+RQ5+RU5+RW5 -> 6481 | RZ5: =RY5*RJ5 -> 8537154.3 | SA5: 2192 | SB5: =E5 -> AM-C1 | SC5: Head | SD5: =J5 -> 1317.2588 | SE5: 29 | SF5: 77600 | SG5: 1135 | SH5: 3053944 | SI5: =SE5+SG5 -> 1164 | SJ5: =SF5+SH5 -> 3131544 | SK5: =SJ5/1.18 -> 2653850.8 | SL5: =SJ5/$SJ$1 -> 0.20062111 | SM5: 165185 | SN5: 39 | SO5: 107367 | SP5: =SO5/$IS$1 -> 0.1025136 | SQ5: =SI5*SU5 -> 1533289.3 | SR5: =E5 -> AM-C1 | SS5: =A5 -> B0B4DPX2J2 | ST5: =B5 -> FBA75673 | SU5: =J5 -> 1317.2588 | SV5: 90 | SW5: =SV5*SU5 -> 118553.29 | SX5: 2393 | SY5: =SX5*SU5 -> 3152200.3 | SZ5: 1 | TA5: =SZ5*SU5 -> 1317.2588 | TB5: 0 | TC5: =TB5*SU5 -> 0 | TD5: 0 | TE5: =TD5*SU5 -> 0 | TF5: 0 | TG5: =TF5*SU5 -> 0 | TH5: 3000 | TI5: =TH5*SU5 -> 3951776.4 | TJ5: =SV5+SX5+TD5+SZ5+TB5+TF5+TH5 -> 5484 | TK5: =TJ5*SU5 -> 7223847.3 | TL5: 1965 | TM5: =E5 -> AM-C1 | TN5: Head | TO5: =J5 -> 1317.2588 | TP5: 3 | TQ5: 8201 | TR5: 1064 | TS5: 2816232.9 | TT5: =TP5+TR5 -> 1067 | TU5: =TQ5+TS5 -> 2824433.9 | TV5: =TU5/1.18 -> 2393588.1 | TW5: =TU5/$TU$1 -> 0.16681325 | TX5: 130484 | TY5: 39 | TZ5: 107367 | UA5: =TZ5/$IS$1 -> 0.1025136 | UB5: =TT5*J5 -> 1405515.1 | UC5: =E5 -> AM-C1 | UD5: =A5 -> B0B4DPX2J2 | UE5: =B5 -> FBA75673 | UF5: =J5 -> 1317.2588 | UG5: 82 | UH5: =UG5*J5 -> 108015.22 | UI5: 1602 | UJ5: =UI5*J5 -> 2110248.6 | UK5: 1 | UL5: =UK5*J5 -> 1317.2588 | UM5: 0 | UN5: =UM5*J5 -> 0 | UO5: 0 | UP5: =UO5*J5 -> 0 | UQ5: 0 | UR5: =UQ5*J5 -> 0 | US5: 3000 | UT5: =US5*J5 -> 3951776.4 | UU5: =UG5+UI5+UO5+UK5+UM5+UQ5+US5 -> 4685 | UV5: =UU5*J5 -> 6171357.5 | UW5: 1790 | UX5: =E5 -> AM-C1 | UY5: Head | UZ5: =J5 -> 1317.2588 | VA5: 8 | VB5: 19087 | VC5: 1001 | VD5: 2637952.4 | VE5: =VA5+VC5 -> 1009 | VF5: =VB5+VD5 -> 2657039.4 | VG5: =VF5/1.18 -> 2251728.3 | VH5: =VF5/$VF$1 -> 0.15881445 | VI5: 151946 | VJ5: 39 | VK5: 107367 | VL5: =VK5/$IS$1 -> 0.1025136 | VM5: =VE5*J5 -> 1329114.1 | VN5: =E5 -> AM-C1 | VO5: =A5 -> B0B4DPX2J2 | VP5: =B5 -> FBA75673 | VQ5: =J5 -> 1317.2588 | VR5: 79 | VS5: =VR5*J5 -> 104063.45 | VT5: 3892 | VU5: =VT5*J5 -> 5126771.3 | VV5: 0 | VW5: =VV5*J5 -> 0 | VX5: 0 | VY5: =VX5*J5 -> 0 | VZ5: 0 | WA5: =VZ5*J5 -> 0 | WB5: 0 | WC5: =WB5*J5 -> 0 | WD5: 3000 | WE5: =WD5*J5 -> 3951776.4 | WF5: =VR5+VT5+VZ5+VV5+VX5+WB5+WD5 -> 6971 | WG5: =WF5*J5 -> 9182611.1 | WH5: 1421 | WI5: =E5 -> AM-C1 | WJ5: Head | WK5: =J5 -> 1317.2588
A6: B0DXFPM4N2 | B6: FBA79482 | C6: Dormant | D6: Audio Array | E6: AM-S1 | F6: New | G6: EA3 | H6: Monitor Speakers | I6: Monitor Speakers | J6: 4503.35 | K6: Anjiesi (Kayle) | L6: 0 | M6: 0 | N6: 0 | O6: 0 | P6: =M6+N6+O6 -> 0 | Q6: 0 | R6: 0 | S6: 0 | T6: 0 | U6: =R6+S6+T6 -> 0 | V6: 0 | W6: 0 | X6: 0 | Y6: 0 | Z6: =W6+X6+Y6 -> 0 | AA6: =Z6/$Z$1 -> 0 | AB6: 0 | AC6: 0 | AD6: 0 | AE6: 0 | AF6: =AC6+AD6+AE6 -> 0 | AG6: =AF6/$AF$1 -> 0 | AH6: 0 | AI6: 0 | AJ6: 0 | AK6: 0 | AL6: =AI6+AJ6+AK6 -> 0 | AM6: =AL6/$AL$1 -> 0 | AN6: 0 | AO6: 0 | AP6: 0 | AQ6: =AO6+AP6 -> 0 | AR6: =AQ6*#REF! -> #REF! | AS6: =AR6/$AR$1 -> #REF! | AT6: 0 | AU6: 0 | AV6: 0 | AW6: =AU6+AV6 -> 0 | AX6: =AW6*#REF! -> #REF! | AY6: =AX6/$AX$1 -> #REF! | AZ6: 0 | BA6: 0 | BB6: 0 | BC6: =BA6+BB6 -> 0 | BD6: =BC6*#REF! -> #REF! | BE6: =BD6/$BD$1 -> #REF! | BF6: 0 | BG6: 0 | BH6: 0 | BI6: =BG6+BH6 -> 0 | BJ6: =BI6*#REF! -> #REF! | BK6: =BJ6/$BJ$1 -> #REF! | BL6: 0 | BM6: 0 | BN6: 0 | BO6: =BM6+BN6 -> 0 | BP6: =BO6*#REF! -> #REF! | BQ6: =BP6/$BP$1 -> #REF! | BR6: 0 | BS6: 0 | BT6: 0 | BU6: 0 | BV6: 0 | BW6: 0 | BX6: 0 | BY6: 0 | BZ6: =BS6+BT6+BX6+BV6 -> 0 | CA6: =BY6+BU6+BW6 -> 0 | CB6: =CA6/$CA$1 -> 0 | CC6: =BZ6*#REF! -> #REF! | CD6: 0 | CE6: 0 | CF6: 0 | CG6: 0 | CH6: 0 | CI6: 0 | CJ6: =CD6+CH6+CF6 -> 0 | CK6: =CI6+CE6+CG6 -> 0 | CL6: =CK6/$CK$1 -> 0 | CM6: =CJ6*#REF! -> #REF! | CN6: 0 | CO6: 0 | CP6: 0 | CQ6: 0 | CR6: 0 | CS6: 0 | CT6: =CN6+CR6+CP6 -> 0 | CU6: =CS6+CO6+CQ6 -> 0 | CV6: =CU6/$CU$1 -> 0 | CW6: =CT6*#REF! -> #REF! | CX6: 0 | CY6: 0 | CZ6: 0 | DA6: 0 | DB6: =CX6+CZ6 -> 0 | DC6: =CY6+DA6 -> 0 | DD6: =DC6/$DC$1 -> 0 | DE6: 0 | DF6: 0 | DG6: 0 | DH6: =DB6*#REF! -> #REF! | DI6: 0 | DJ6: 0 | DK6: 0 | DL6: 0 | DM6: =DI6+DK6 -> 0 | DN6: =DJ6+DL6 -> 0 | DO6: =DN6/1.18 -> 0 | DP6: =DN6/$DN$1 -> 0 | DQ6: 0 | DR6: 0 | DS6: 0 | DT6: =DS6/$DS$1 -> 0 | DU6: =DM6*#REF! -> #REF! | DV6: =(DR6-DF6)/DF6 -> #DIV/0! | DW6: =(DM6-DB6)/DB6 -> #DIV/0! | DX6: 0 | DY6: 0 | DZ6: 0 | EA6: =DX6/DZ6 -> #DIV/0! | EB6: =DX6/DO6 -> #DIV/0! | EC6: - | ED6: - | EE6: 0 | EF6: 0 | EG6: 0 | EH6: 0 | EI6: =EE6+EG6 -> 0 | EJ6: =EF6+EH6 -> 0 | EK6: =EJ6/1.18 -> 0 | EL6: =EJ6/$EJ$1 -> 0 | EM6: 0 | EN6: 0 | EO6: 0 | EP6: =EO6/$EO$1 -> 0 | EQ6: =EI6*#REF! -> #REF! | ER6: =(EN6-DR6)/DR6 -> #DIV/0! | ES6: =(EI6-DM6)/DM6 -> #DIV/0! | EV6: 0 | EW6: 0 | EX6: 0 | EY6: 0 | EZ6: =EV6+EX6 -> 0 | FA6: =EW6+EY6 -> 0 | FB6: =FA6/1.18 -> 0 | FC6: =FA6/$FA$1 -> 0 | FD6: 0 | FE6: 0 | FF6: 0 | FG6: =FF6/$FF$1 -> 0 | FH6: =EZ6*#REF! -> #REF! | FI6: 0 | FJ6: 0 | FK6: 0 | FL6: 0 | FM6: =FI6+FK6 -> 0 | FN6: =FJ6+FL6 -> 0 | FO6: =FN6/1.18 -> 0 | FP6: =FN6/$FN$1 -> 0 | FQ6: 0 | FR6: 0 | FS6: 0 | FT6: =FS6/$FS$1 -> 0 | FU6: =FM6*#REF! -> #REF! | FV6: 0 | FW6: 0 | FX6: 0 | FY6: 0 | FZ6: =FV6+FX6 -> 0 | GA6: =FW6+FY6 -> 0 | GB6: =GA6/1.18 -> 0 | GC6: =GA6/$GA$1 -> 0 | GD6: 0 | GE6: 0 | GF6: 0 | GG6: =GF6/$GF$1 -> 0 | GH6: =J6*FZ6 -> 0 | GI6: 0 | GJ6: 0 | GM6: =GI6+GK6 -> 0 | GN6: =GJ6+GL6 -> 0 | GO6: =GN6/1.18 -> 0 | GP6: =GN6/$GN$1 -> 0 | GQ6: 0 | GR6: 0 | GS6: 0 | GT6: =GS6/$GS$1 -> 0 | GU6: =J6*GM6 -> 0 | GV6: 0 | GW6: 0 | GZ6: =GV6+GX6 -> 0 | HA6: =GW6+GY6 -> 0 | HB6: =HA6/1.18 -> 0 | HC6: =HA6/$HA$1 -> 0 | HD6: 0 | HE6: 0 | HF6: 0 | HG6: =HF6/$HF$1 -> 0 | HH6: =J6*GZ6 -> 0 | HI6: 0 | HJ6: 0 | HM6: =HI6+HK6 -> 0 | HN6: =HJ6+HL6 -> 0 | HO6: =HN6/1.18 -> 0 | HP6: =HN6/$HN$1 -> 0 | HQ6: 0 | HR6: 0 | HS6: 0 | HT6: =HS6/$HS$1 -> 0 | HU6: =J6*HM6 -> 0 | HV6: 0 | HW6: 0 | HX6: 39 | HY6: 302839.5 | HZ6: =HV6+HX6 -> 39 | IA6: =HW6+HY6 -> 302839.5 | IB6: =IA6/1.18 -> 256643.64 | IC6: =IA6/$IA$1 -> 0.024688924 | ID6: 0 | IE6: 0 | IF6: 0 | IG6: =IF6/$IF$1 -> 0 | IH6: =IY6*HZ6 -> 200690.67 | II6: 7 | IJ6: 54266 | IK6: 123 | IL6: 922376.31 | IM6: =II6+IK6 -> 130 | IN6: =IJ6+IL6 -> 976642.31 | IO6: =IN6/1.18 -> 827662.98 | IP6: =IN6/$IN$1 -> 0.10616433 | IQ6: 13179 | IR6: 0 | IS6: 0 | IT6: =IS6/$IS$1 -> 0 | IU6: =IY6*IM6 -> 668968.89 | IV6: =E6 -> AM-S1 | IW6: =A6 -> B0DXFPM4N2 | IX6: =B6 -> FBA79482 | IY6: 5145.9145 | IZ6: 49 | JA6: =IZ6*IY6 -> 252149.81 | JB6: 187 | JC6: =JB6*IY6 -> 962286.01 | JD6: 0 | JE6: =JD6*IY6 -> 0 | JF6: 0 | JG6: =JF6*IY6 -> 0 | JH6: 0 | JI6: =JH6*IY6 -> 0 | JJ6: 15 | JK6: =JJ6*IY6 -> 77188.718 | JL6: 2000 | JM6: =JL6*IY6 -> 10291829 | JN6: =IZ6+JB6+JH6+JD6+JF6+JJ6+JL6 -> 2251 | JO6: =JN6*IY6 -> 11583454 | JP6: =E6 -> AM-S1 | JQ6: New | JR6: 5145.9145 | JS6: 22 | JT6: 167543.55 | JU6: 162 | JV6: 1259437.6 | JW6: =JS6+JU6 -> 184 | JX6: =JT6+JV6 -> 1426981.2 | JY6: =JX6/1.18 -> 1209306.1 | JZ6: =JX6/$JX$1 -> 0.12971871 | KA6: 23435 | KB6: 0 | KC6: 0 | KD6: =KC6/$IS$1 -> 0 | KE6: =KI6*JW6 -> 946848.27 | KF6: =E6 -> AM-S1 | KG6: =A6 -> B0DXFPM4N2 | KH6: =B6 -> FBA79482 | KI6: 5145.9145 | KJ6: 1 | KK6: =KJ6*KI6 -> 5145.9145 | KL6: 27 | KM6: =KL6*KI6 -> 138939.69 | KN6: 0 | KO6: =KN6*KI6 -> 0 | KP6: 0 | KQ6: =KP6*KI6 -> 0 | KR6: 0 | KS6: =KR6*KI6 -> 0 | KT6: 15 | KU6: =KT6*KI6 -> 77188.718 | KV6: 2000 | KW6: =KV6*KI6 -> 10291829 | KX6: =KJ6+KL6+KR6+KN6+KP6+KT6+KV6 -> 2043 | KY6: =KX6*KI6 -> 10513103 | KZ6: =E6 -> AM-S1 | LA6: =C6 -> Dormant | LB6: 5145.9145 | LC6: 7 | LD6: 62644 | LE6: 42 | LF6: 355457.88 | LG6: =LC6+LE6 -> 49 | LH6: =LD6+LF6 -> 418101.88 | LI6: =LH6/1.18 -> 354323.63 | LJ6: =LH6/$LH$1 -> 0.038665277 | LK6: 2104 | LL6: 0 | LM6: 0 | LN6: =LM6/$IS$1 -> 0 | LO6: =LS6*LG6 -> 220664.15 | LP6: =E6 -> AM-S1 | LQ6: =A6 -> B0DXFPM4N2 | LR6: =B6 -> FBA79482 | LS6: 4503.35 | LT6: 1 | LU6: =LT6*LS6 -> 4503.35 | LV6: 16 | LW6: =LV6*LS6 -> 72053.6 | LX6: 0 | LY6: =LX6*LS6 -> 0 | LZ6: 0 | MA6: =LZ6*LS6 -> 0 | MB6: 0 | MC6: =MB6*LS6 -> 0 | MD6: 1000 | ME6: =MD6*LS6 -> 4503350 | MF6: 1000 | MG6: =MF6*LS6 -> 4503350 | MH6: =LT6+LV6+MB6+LX6+LZ6+MD6+MF6 -> 2017 | MI6: =MH6*LS6 -> 9083257 | MJ6: =E6 -> AM-S1 | MK6: Head | ML6: 4503.35 | MM6: 0 | MN6: 0 | MO6: 3 | MP6: 25496.992 | MQ6: =MM6+MO6 -> 3 | MR6: =MN6+MP6 -> 25496.992 | MS6: =MR6/1.18 -> 21607.62 | MT6: =MR6/$MR$1 -> 0.0018689924 | MU6: NA | MV6: 0 | MW6: 0 | MX6: =MW6/$IS$1 -> 0 | MY6: =MQ6*NC6 -> 13510.05 | MZ6: =E6 -> AM-S1 | NA6: =A6 -> B0DXFPM4N2 | NB6: =B6 -> FBA79482 | NC6: =J6 -> 4503.35 | ND6: 106 | NE6: =ND6*NC6 -> 477355.1 | NF6: 18 | NG6: =NF6*NC6 -> 81060.3 | NH6: 0 | NI6: =NH6*NC6 -> 0 | NJ6: 0 | NK6: =NJ6*NC6 -> 0 | NL6: 0 | NM6: =NL6*NC6 -> 0 | NN6: 1000 | NO6: =NN6*NC6 -> 4503350 | NP6: 1000 | NQ6: =NP6*NC6 -> 4503350 | NR6: =ND6+NF6+NL6+NH6+NJ6+NN6+NP6 -> 2124 | NS6: =NR6*NC6 -> 9565115.4 | NT6: 0 | NU6: =E6 -> AM-S1 | NV6: Head | NW6: 4503.35 | NX6: 3 | NY6: 26507 | NZ6: 24 | OA6: 203976 | OB6: =NX6+NZ6 -> 27 | OC6: =NY6+OA6 -> 230483 | OD6: =OC6/1.18 -> 195324.58 | OE6: =OC6/$OC$1 -> 0.016150358 | OF6: 3817 | OG6: 0 | OH6: 0 | OI6: =OH6/$IS$1 -> 0 | OJ6: =OB6*ON6 -> 121590.45 | OK6: =E6 -> AM-S1 | OL6: =A6 -> B0DXFPM4N2 | OM6: =B6 -> FBA79482 | ON6: =J6 -> 4503.35 | OO6: 111 | OP6: =OO6*ON6 -> 499871.85 | OQ6: 704 | OR6: =OQ6*ON6 -> 3170358.4 | OS6: 0 | OT6: =OS6*ON6 -> 0 | OU6: 0 | OV6: =OU6*ON6 -> 0 | OW6: 0 | OX6: =OW6*ON6 -> 0 | OY6: 0 | OZ6: =OY6*ON6 -> 0 | PA6: 1000 | PB6: =PA6*ON6 -> 4503350 | PC6: =OO6+OQ6+OW6+OS6+OU6+OY6+PA6 -> 1815 | PD6: =PC6*ON6 -> 8173580.3 | PE6: 94 | PF6: =E6 -> AM-S1 | PG6: Head | PH6: 4503.35 | PI6: 18 | PJ6: 152898.06 | PK6: 271 | PL6: 2221636.2 | PM6: =PI6+PK6 -> 289 | PN6: =PJ6+PL6 -> 2374534.3 | PO6: =PN6/1.18 -> 2012317.2 | PP6: =PN6/$PN$1 -> 0.13376318 | PQ6: 52835 | PR6: 0 | PS6: 0 | PT6: =PS6/$IS$1 -> 0 | PU6: =PM6*PY6 -> 1301468.2 | PV6: =E6 -> AM-S1 | PW6: =A6 -> B0DXFPM4N2 | PX6: =B6 -> FBA79482 | PY6: =J6 -> 4503.35 | PZ6: 268 | QA6: =PZ6*PY6 -> 1206897.8 | QC6: =QB6*PY6 -> 0 | QD6: 0 | QE6: =QD6*PY6 -> 0 | QF6: 0 | QG6: =QF6*PY6 -> 0 | QH6: 0 | QI6: =QH6*PY6 -> 0 | QJ6: 0 | QK6: =QJ6*PY6 -> 0 | QL6: 1000 | QM6: =QL6*PY6 -> 4503350 | QN6: =PZ6+QB6+QH6+QD6+QF6+QJ6+QL6 -> 1268 | QO6: =QN6*PY6 -> 5710247.8 | QP6: 342 | QQ6: =E6 -> AM-S1 | QR6: Head | QS6: 4503.35 | QT6: 11 | QU6: 90390 | QV6: 295 | QW6: 2409204 | QX6: =QT6+QV6 -> 306 | QY6: =QU6+QW6 -> 2499594 | QZ6: =QY6/1.18 -> 2118300 | RA6: =QY6/$QY$1 -> 0.13375487 | RB6: 54467 | RC6: 0 | RD6: 0 | RE6: =RD6/$IS$1 -> 0 | RF6: =QX6*RJ6 -> 1378025.1 | RG6: =E6 -> AM-S1 | RH6: =A6 -> B0DXFPM4N2 | RI6: =B6 -> FBA79482 | RJ6: =J6 -> 4503.35 | RK6: 143 | RL6: =RK6*RJ6 -> 643979.05 | RM6: 0 | RN6: =RM6*RJ6 -> 0 | RO6: 0 | RP6: =RO6*RJ6 -> 0 | RQ6: 0 | RR6: =RQ6*RJ6 -> 0 | RS6: 0 | RT6: =RS6*RJ6 -> 0 | RU6: 1000 | RV6: =RU6*RJ6 -> 4503350 | RW6: 0 | RX6: =RW6*RJ6 -> 0 | RY6: =RK6+RM6+RS6+RO6+RQ6+RU6+RW6 -> 1143 | RZ6: =RY6*RJ6 -> 5147329.1 | SA6: 96 | SB6: =E6 -> AM-S1 | SC6: Head | SD6: =J6 -> 4503.35 | SE6: 42 | SF6: 352019 | SG6: 158 | SH6: 1348683 | SI6: =SE6+SG6 -> 200 | SJ6: =SF6+SH6 -> 1700702 | SK6: =SJ6/1.18 -> 1441272.9 | SL6: =SJ6/$SJ$1 -> 0.10895479 | SM6: 75108 | SN6: 0 | SO6: 0 | SP6: =SO6/$IS$1 -> 0 | SQ6: =SI6*SU6 -> 900670 | SR6: =E6 -> AM-S1 | SS6: =A6 -> B0DXFPM4N2 | ST6: =B6 -> FBA79482 | SU6: =J6 -> 4503.35 | SV6: 93 | SW6: =SV6*SU6 -> 418811.55 | SX6: 0 | SY6: =SX6*SU6 -> 0 | SZ6: 0 | TA6: =SZ6*SU6 -> 0 | TB6: 0 | TC6: =TB6*SU6 -> 0 | TD6: 1000 | TE6: =TD6*SU6 -> 4503350 | TF6: 0 | TG6: =TF6*SU6 -> 0 | TH6: 0 | TI6: =TH6*SU6 -> 0 | TJ6: =SV6+SX6+TD6+SZ6+TB6+TF6+TH6 -> 1093 | TK6: =TJ6*SU6 -> 4922161.6 | TL6: 17 | TM6: =E6 -> AM-S1 | TN6: Head | TO6: =J6 -> 4503.35 | TP6: 103 | TQ6: 832453 | TR6: 115 | TS6: 977384.68 | TT6: =TP6+TR6 -> 218 | TU6: =TQ6+TS6 -> 1809837.7 | TV6: =TU6/1.18 -> 1533760.7 | TW6: =TU6/$TU$1 -> 0.10689041 | TX6: 50398 | TY6: 0 | TZ6: 0 | UA6: =TZ6/$IS$1 -> 0 | UB6: =TT6*J6 -> 981730.3 | UC6: =E6 -> AM-S1 | UD6: =A6 -> B0DXFPM4N2 | UE6: =B6 -> FBA79482 | UF6: =J6 -> 4503.35 | UG6: 99 | UH6: =UG6*J6 -> 445831.65 | UI6: 490 | UJ6: =UI6*J6 -> 2206641.5 | UK6: 0 | UL6: =UK6*J6 -> 0 | UM6: 0 | UN6: =UM6*J6 -> 0 | UO6: 1000 | UP6: =UO6*J6 -> 4503350 | UQ6: 0 | UR6: =UQ6*J6 -> 0 | US6: 0 | UT6: =US6*J6 -> 0 | UU6: =UG6+UI6+UO6+UK6+UM6+UQ6+US6 -> 1589 | UV6: =UU6*J6 -> 7155823.2 | UW6: 33 | UX6: =E6 -> AM-S1 | UY6: Head | UZ6: =J6 -> 4503.35 | VA6: 51 | VB6: 413622 | VC6: 196 | VD6: 1662324 | VE6: =VA6+VC6 -> 247 | VF6: =VB6+VD6 -> 2075946 | VG6: =VF6/1.18 -> 1759276.3 | VH6: =VF6/$VF$1 -> 0.1240818 | VI6: 41904 | VJ6: 0 | VK6: 0 | VL6: =VK6/$IS$1 -> 0 | VM6: =VE6*J6 -> 1112327.5 | VN6: =E6 -> AM-S1 | VO6: =A6 -> B0DXFPM4N2 | VP6: =B6 -> FBA79482 | VQ6: =J6 -> 4503.35 | VR6: 174 | VS6: =VR6*J6 -> 783582.9 | VT6: 152 | VU6: =VT6*J6 -> 684509.2 | VV6: 0 | VW6: =VV6*J6 -> 0 | VX6: 0 | VY6: =VX6*J6 -> 0 | VZ6: 0 | WA6: =VZ6*J6 -> 0 | WB6: 1000 | WC6: =WB6*J6 -> 4503350 | WD6: 1000 | WE6: =WD6*J6 -> 4503350 | WF6: =VR6+VT6+VZ6+VV6+VX6+WB6+WD6 -> 2326 | WG6: =WF6*J6 -> 10474792 | WH6: 234 | WI6: =E6 -> AM-S1 | WJ6: Head | WK6: =J6 -> 4503.35
A7: B0D3M1B4Z8 | B7: FBA79380 | C7: New | D7: Audio Array | E7: AM-C46 | F7: New | H7: Microphone Condenser | I7: Condenser Mic with Boom Arm | J7: 1862.1136 | BI7: =BG7+BH7 -> 0 | BJ7: =BI7*#REF! -> #REF! | BK7: =BJ7/$BJ$1 -> #REF! | BL7: 0 | BM7: 0 | BN7: 0 | BO7: =BM7+BN7 -> 0 | BP7: =BO7*#REF! -> #REF! | BQ7: =BP7/$BP$1 -> #REF! | BR7: 0 | BS7: 0 | BT7: 0 | BU7: 0 | BV7: 0 | BW7: 0 | BX7: 0 | BY7: 0 | BZ7: =BS7+BT7+BX7+BV7 -> 0 | CA7: =BY7+BU7+BW7 -> 0 | CB7: =CA7/$CA$1 -> 0 | CC7: =BZ7*#REF! -> #REF! | CD7: 0 | CE7: 0 | CF7: 0 | CG7: 0 | CH7: 0 | CI7: 0 | CJ7: =CD7+CH7+CF7 -> 0 | CK7: =CI7+CE7+CG7 -> 0 | CL7: =CK7/$CK$1 -> 0 | CM7: =CJ7*#REF! -> #REF! | CN7: 0 | CO7: 0 | CP7: 0 | CQ7: 0 | CR7: 0 | CS7: 0 | CT7: =CN7+CR7+CP7 -> 0 | CU7: =CS7+CO7+CQ7 -> 0 | CV7: =CU7/$CU$1 -> 0 | CW7: =CT7*#REF! -> #REF! | CX7: 0 | CY7: 0 | CZ7: 0 | DA7: 0 | DB7: =CX7+CZ7 -> 0 | DC7: =CY7+DA7 -> 0 | DD7: =DC7/$DC$1 -> 0 | DE7: 0 | DF7: 0 | DG7: 0 | DH7: =DB7*#REF! -> #REF! | DI7: 0 | DJ7: 0 | DK7: 0 | DL7: 0 | DM7: =DI7+DK7 -> 0 | DN7: =DJ7+DL7 -> 0 | DO7: =DN7/1.18 -> 0 | DP7: =DN7/$DN$1 -> 0 | DQ7: 0 | DR7: 0 | DS7: 0 | DT7: =DS7/$DS$1 -> 0 | DU7: =DM7*#REF! -> #REF! | DV7: =(DR7-DF7)/DF7 -> #DIV/0! | DW7: =(DM7-DB7)/DB7 -> #DIV/0! | DX7: 0 | DY7: 0 | DZ7: 0 | EA7: =DX7/DZ7 -> #DIV/0! | EB7: =DX7/DO7 -> #DIV/0! | EC7: - | ED7: - | EE7: 0 | EF7: 0 | EG7: 0 | EH7: 0 | EI7: =EE7+EG7 -> 0 | EJ7: =EF7+EH7 -> 0 | EK7: =EJ7/1.18 -> 0 | EL7: =EJ7/$EJ$1 -> 0 | EM7: 33 | EN7: 0 | EO7: 0 | EP7: =EO7/$EO$1 -> 0 | EQ7: =EI7*#REF! -> #REF! | ER7: =(EN7-DR7)/DR7 -> #DIV/0! | ES7: =(EI7-DM7)/DM7 -> #DIV/0! | EV7: 60 | EW7: 204196 | EX7: 0 | EY7: 0 | EZ7: =EV7+EX7 -> 60 | FA7: =EW7+EY7 -> 204196 | FB7: =FA7/1.18 -> 173047.46 | FC7: =FA7/$FA$1 -> 0.019938196 | FD7: 4719 | FE7: 89 | FF7: 297314 | FG7: =FF7/$FF$1 -> 0.02262112 | FH7: =EZ7*#REF! -> #REF! | FI7: 159 | FJ7: 514061 | FK7: 0 | FL7: 0 | FM7: =FI7+FK7 -> 159 | FN7: =FJ7+FL7 -> 514061 | FO7: =FN7/1.18 -> 435644.92 | FP7: =FN7/$FN$1 -> 0.039666517 | FQ7: 9188 | FR7: 213 | FS7: 680694 | FT7: =FS7/$FS$1 -> 0.040447693 | FU7: =FM7*#REF! -> #REF! | FV7: 163 | FW7: 575442 | FX7: 0 | FY7: 0 | FZ7: =FV7+FX7 -> 163 | GA7: =FW7+FY7 -> 575442 | GB7: =GA7/1.18 -> 487662.71 | GC7: =GA7/$GA$1 -> 0.052867556 | GD7: 8914 | GE7: 181 | GF7: 642285 | GG7: =GF7/$GF$1 -> 0.052216798 | GH7: =J7*FZ7 -> 303524.52 | GI7: 81 | GJ7: 304296.58 | GM7: =GI7+GK7 -> 81 | GN7: =GJ7+GL7 -> 304296.58 | GO7: =GN7/1.18 -> 257878.46 | GP7: =GN7/$GN$1 -> 0.033853709 | GQ7: 4766 | GR7: 80 | GS7: 296682 | GT7: =GS7/$GS$1 -> 0.028141573 | GU7: =J7*GM7 -> 150831.2 | GV7: 73 | GW7: 260359.52 | GZ7: =GV7+GX7 -> 73 | HA7: =GW7+GY7 -> 260359.52 | HB7: =HA7/1.18 -> 220643.66 | HC7: =HA7/$HA$1 -> 0.031230553 | HD7: 6823 | HE7: 125 | HF7: 447228 | HG7: =HF7/$HF$1 -> 0.038797758 | HH7: =J7*GZ7 -> 135934.3 | HI7: 110 | HJ7: 400016.43 | HM7: =HI7+HK7 -> 110 | HN7: =HJ7+HL7 -> 400016.43 | HO7: =HN7/1.18 -> 338996.97 | HP7: =HN7/$HN$1 -> 0.047758074 | HQ7: 6997 | HR7: 137 | HS7: 475428 | HT7: =HS7/$HS$1 -> 0.049340655 | HU7: =J7*HM7 -> 204832.5 | HV7: 52 | HW7: 187502 | HX7: 106 | HY7: 380594.04 | HZ7: =HV7+HX7 -> 158 | IA7: =HW7+HY7 -> 568096.04 | IB7: =IA7/1.18 -> 481437.32 | IC7: =IA7/$IA$1 -> 0.046313907 | ID7: 6981 | IE7: 12 | IF7: 44148 | IG7: =IF7/$IF$1 -> 0.024436131 | IH7: =IY7*HZ7 -> 297891.63 | II7: 5 | IJ7: 18962 | IK7: 118 | IL7: 424872 | IM7: =II7+IK7 -> 123 | IN7: =IJ7+IL7 -> 443834 | IO7: =IN7/1.18 -> 376130.51 | IP7: =IN7/$IN$1 -> 0.04824626 | IQ7: 6594 | IR7: 0 | IS7: 0 | IT7: =IS7/$IS$1 -> 0 | IU7: =IY7*IM7 -> 231902.98 | IV7: =E7 -> AM-C46 | IW7: =A7 -> B0D3M1B4Z8 | IX7: =B7 -> FBA79380 | IY7: 1885.3901 | IZ7: 118 | JA7: =IZ7*IY7 -> 222476.03 | JB7: 1122 | JC7: =JB7*IY7 -> 2115407.6 | JD7: 0 | JE7: =JD7*IY7 -> 0 | JF7: 0 | JG7: =JF7*IY7 -> 0 | JH7: 0 | JI7: =JH7*IY7 -> 0 | JJ7: 0 | JK7: =JJ7*IY7 -> 0 | JL7: 0 | JM7: =JL7*IY7 -> 0 | JN7: =IZ7+JB7+JH7+JD7+JF7+JJ7+JL7 -> 1240 | JO7: =JN7*IY7 -> 2337883.7 | JP7: =E7 -> AM-C46 | JQ7: =C7 -> New | JR7: 1885.3901 | JS7: 6 | JT7: 21332.24 | JU7: 181 | JV7: 644219.11 | JW7: =JS7+JU7 -> 187 | JX7: =JT7+JV7 -> 665551.35 | JY7: =JX7/1.18 -> 564026.57 | JZ7: =JX7/$JX$1 -> 0.060501475 | KA7: 7883 | KB7: 0 | KC7: 0 | KD7: =KC7/$IS$1 -> 0 | KE7: =KI7*JW7 -> 352567.94 | KF7: =E7 -> AM-C46 | KG7: =A7 -> B0D3M1B4Z8 | KH7: =B7 -> FBA79380 | KI7: 1885.3901 | KJ7: 80 | KK7: =KJ7*KI7 -> 150831.2 | KL7: 867 | KM7: =KL7*KI7 -> 1634633.2 | KN7: 0 | KO7: =KN7*KI7 -> 0 | KP7: 0 | KQ7: =KP7*KI7 -> 0 | KR7: 0 | KS7: =KR7*KI7 -> 0 | KT7: 0 | KU7: =KT7*KI7 -> 0 | KV7: 0 | KW7: =KV7*KI7 -> 0 | KX7: =KJ7+KL7+KR7+KN7+KP7+KT7+KV7 -> 947 | KY7: =KX7*KI7 -> 1785464.4 | KZ7: =E7 -> AM-C46 | LA7: =C7 -> New | LB7: 1885.3901 | LC7: 8 | LD7: 29368 | LE7: 250 | LF7: 899517.08 | LG7: =LC7+LE7 -> 258 | LH7: =LD7+LF7 -> 928885.08 | LI7: =LH7/1.18 -> 787190.75 | LJ7: =LH7/$LH$1 -> 0.085901549 | LK7: 10687 | LL7: 0 | LM7: 0 | LN7: =LM7/$IS$1 -> 0 | LO7: =LS7*LG7 -> 480425.32 | LP7: =E7 -> AM-C46 | LQ7: =A7 -> B0D3M1B4Z8 | LR7: =B7 -> FBA79380 | LS7: 1862.1136 | LT7: 75 | LU7: =LT7*LS7 -> 139658.52 | LV7: 584 | LW7: =LV7*LS7 -> 1087474.4 | LX7: 0 | LY7: =LX7*LS7 -> 0 | LZ7: 0 | MA7: =LZ7*LS7 -> 0 | MB7: 0 | MC7: =MB7*LS7 -> 0 | MD7: 0 | ME7: =MD7*LS7 -> 0 | MF7: 0 | MG7: =MF7*LS7 -> 0 | MH7: =LT7+LV7+MB7+LX7+LZ7+MD7+MF7 -> 659 | MI7: =MH7*LS7 -> 1227132.9 | MJ7: =E7 -> AM-C46 | MK7: New | ML7: 1862.1136 | MM7: 8 | MN7: 29279 | MO7: 306 | MP7: 1086749.3 | MQ7: =MM7+MO7 -> 314 | MR7: =MN7+MP7 -> 1116028.3 | MS7: =MR7/1.18 -> 945786.7 | MT7: =MR7/$MR$1 -> 0.08180763 | MU7: 13791 | MV7: 0 | MW7: 0 | MX7: =MW7/$IS$1 -> 0 | MY7: =MQ7*NC7 -> 584703.68 | MZ7: =E7 -> AM-C46 | NA7: =A7 -> B0D3M1B4Z8 | NB7: =B7 -> FBA79380 | NC7: =J7 -> 1862.1136 | ND7: 148 | NE7: =ND7*NC7 -> 275592.82 | NF7: 298 | NG7: =NF7*NC7 -> 554909.86 | NH7: 0 | NI7: =NH7*NC7 -> 0 | NJ7: 0 | NK7: =NJ7*NC7 -> 0 | NL7: 0 | NM7: =NL7*NC7 -> 0 | NN7: 0 | NO7: =NN7*NC7 -> 0 | NP7: 1000 | NQ7: =NP7*NC7 -> 1862113.6 | NR7: =ND7+NF7+NL7+NH7+NJ7+NN7+NP7 -> 1446 | NS7: =NR7*NC7 -> 2692616.3 | NT7: 107 | NU7: =E7 -> AM-C46 | NV7: New | NW7: 1862.1136 | NX7: 11 | NY7: 41857 | NZ7: 382 | OA7: 1361966 | OB7: =NX7+NZ7 -> 393 | OC7: =NY7+OA7 -> 1403823 | OD7: =OC7/1.18 -> 1189680.5 | OE7: =OC7/$OC$1 -> 0.098368398 | OF7: 22404 | OG7: 0 | OH7: 0 | OI7: =OH7/$IS$1 -> 0 | OJ7: =OB7*ON7 -> 731810.66 | OK7: =E7 -> AM-C46 | OL7: =A7 -> B0D3M1B4Z8 | OM7: =B7 -> FBA79380 | ON7: =J7 -> 1862.1136 | OO7: 90 | OP7: =OO7*ON7 -> 167590.23 | OQ7: 12 | OR7: =OQ7*ON7 -> 22345.364 | OS7: 0 | OT7: =OS7*ON7 -> 0 | OU7: 0 | OV7: =OU7*ON7 -> 0 | OW7: 1000 | OX7: =OW7*ON7 -> 1862113.6 | OY7: 0 | OZ7: =OY7*ON7 -> 0 | PA7: 1008 | PB7: =PA7*ON7 -> 1877010.5 | PC7: =OO7+OQ7+OW7+OS7+OU7+OY7+PA7 -> 2110 | PD7: =PC7*ON7 -> 3929059.8 | PE7: 38 | PF7: =E7 -> AM-C46 | PG7: New | PH7: 1862.1136 | PI7: 44 | PJ7: 164110.64 | PK7: 302 | PL7: 1045742.9 | PM7: =PI7+PK7 -> 346 | PN7: =PJ7+PL7 -> 1209853.5 | PO7: =PN7/1.18 -> 1025299.6 | PP7: =PN7/$PN$1 -> 0.068153936 | PQ7: 28602 | PR7: 0 | PS7: 0 | PT7: =PS7/$IS$1 -> 0 | PU7: =PM7*PY7 -> 644291.32 | PV7: =E7 -> AM-C46 | PW7: =A7 -> B0D3M1B4Z8 | PX7: =B7 -> FBA79380 | PY7: =J7 -> 1862.1136 | PZ7: 28 | QA7: =PZ7*PY7 -> 52139.182 | QC7: =QB7*PY7 -> 0 | QD7: 0 | QE7: =QD7*PY7 -> 0 | QF7: 0 | QG7: =QF7*PY7 -> 0 | QH7: 1000 | QI7: =QH7*PY7 -> 1862113.6 | QJ7: 0 | QK7: =QJ7*PY7 -> 0 | QL7: 1008 | QM7: =QL7*PY7 -> 1877010.5 | QN7: =PZ7+QB7+QH7+QD7+QF7+QJ7+QL7 -> 2036 | QO7: =QN7*PY7 -> 3791263.4 | QP7: 369 | QQ7: =E7 -> AM-C46 | QR7: New | QS7: 1862.1136 | QT7: 15 | QU7: 54429 | QV7: 277 | QW7: 950610 | QX7: =QT7+QV7 -> 292 | QY7: =QU7+QW7 -> 1005039 | QZ7: =QY7/1.18 -> 851727.97 | RA7: =QY7/$QY$1 -> 0.053780278 | RB7: 19734 | RC7: 0 | RD7: 0 | RE7: =RD7/$IS$1 -> 0 | RF7: =QX7*RJ7 -> 543737.18 | RG7: =E7 -> AM-C46 | RH7: =A7 -> B0D3M1B4Z8 | RI7: =B7 -> FBA79380 | RJ7: =J7 -> 1862.1136 | RK7: 43 | RL7: =RK7*RJ7 -> 80070.886 | RM7: 1307 | RN7: =RM7*RJ7 -> 2433782.5 | RO7: 2 | RP7: =RO7*RJ7 -> 3724.2273 | RQ7: 0 | RR7: =RQ7*RJ7 -> 0 | RS7: 0 | RT7: =RS7*RJ7 -> 0 | RU7: 0 | RV7: =RU7*RJ7 -> 0 | RW7: 0 | RX7: =RW7*RJ7 -> 0 | RY7: =RK7+RM7+RS7+RO7+RQ7+RU7+RW7 -> 1352 | RZ7: =RY7*RJ7 -> 2517577.6 | SA7: 159 | SB7: =E7 -> AM-C46 | SC7: New | SD7: =J7 -> 1862.1136 | SE7: 21 | SF7: 77016 | SG7: 220 | SH7: 782699 | SI7: =SE7+SG7 -> 241 | SJ7: =SF7+SH7 -> 859715 | SK7: =SJ7/1.18 -> 728572.03 | SL7: =SJ7/$SJ$1 -> 0.055077296 | SM7: 28684 | SN7: 0 | SO7: 0 | SP7: =SO7/$IS$1 -> 0 | SQ7: =SI7*SU7 -> 448769.39 | SR7: =E7 -> AM-C46 | SS7: =A7 -> B0D3M1B4Z8 | ST7: =B7 -> FBA79380 | SU7: =J7 -> 1862.1136 | SV7: 76 | SW7: =SV7*SU7 -> 141520.64 | SX7: 1010 | SY7: =SX7*SU7 -> 1880734.8 | SZ7: 2 | TA7: =SZ7*SU7 -> 3724.2273 | TB7: 0 | TC7: =TB7*SU7 -> 0 | TD7: 1008 | TE7: =TD7*SU7 -> 1877010.5 | TF7: 0 | TG7: =TF7*SU7 -> 0 | TH7: 0 | TI7: =TH7*SU7 -> 0 | TJ7: =SV7+SX7+TD7+SZ7+TB7+TF7+TH7 -> 2096 | TK7: =TJ7*SU7 -> 3902990.2 | TL7: 202 | TM7: =E7 -> AM-C46 | TN7: Head | TO7: =J7 -> 1862.1136 | TP7: 10 | TQ7: 32594 | TR7: 276 | TS7: 967723.9 | TT7: =TP7+TR7 -> 286 | TU7: =TQ7+TS7 -> 1000317.9 | TV7: =TU7/1.18 -> 847727.03 | TW7: =TU7/$TU$1 -> 0.059079549 | TX7: 28436 | TY7: 0 | TZ7: 0 | UA7: =TZ7/$IS$1 -> 0 | UB7: =TT7*J7 -> 532564.5 | UC7: =E7 -> AM-C46 | UD7: =A7 -> B0D3M1B4Z8 | UE7: =B7 -> FBA79380 | UF7: =J7 -> 1862.1136 | UG7: 80 | UH7: =UG7*J7 -> 148969.09 | UI7: 1701 | UJ7: =UI7*J7 -> 3167455.3 | UK7: 2 | UL7: =UK7*J7 -> 3724.2273 | UM7: 0 | UN7: =UM7*J7 -> 0 | UO7: 1008 | UP7: =UO7*J7 -> 1877010.5 | UQ7: 0 | UR7: =UQ7*J7 -> 0 | US7: 1008 | UT7: =US7*J7 -> 1877010.5 | UU7: =UG7+UI7+UO7+UK7+UM7+UQ7+US7 -> 3799 | UV7: =UU7*J7 -> 7074169.7 | UW7: 251 | UX7: =E7 -> AM-C46 | UY7: Head | UZ7: =J7 -> 1862.1136 | VA7: 8 | VB7: 28748.94 | VC7: 238 | VD7: 836499.51 | VE7: =VA7+VC7 -> 246 | VF7: =VB7+VD7 -> 865248.45 | VG7: =VF7/1.18 -> 733261.4 | VH7: =VF7/$VF$1 -> 0.051716943 | VI7: 27764 | VJ7: 0 | VK7: 0 | VL7: =VK7/$IS$1 -> 0 | VM7: =VE7*J7 -> 458079.95 | VN7: =E7 -> AM-C46 | VO7: =A7 -> B0D3M1B4Z8 | VP7: =B7 -> FBA79380 | VQ7: =J7 -> 1862.1136 | VR7: 72 | VS7: =VR7*J7 -> 134072.18 | VT7: 1418 | VU7: =VT7*J7 -> 2640477.1 | VV7: 0 | VW7: =VV7*J7 -> 0 | VX7: 0 | VY7: =VX7*J7 -> 0 | VZ7: 0 | WA7: =VZ7*J7 -> 0 | WB7: 0 | WC7: =WB7*J7 -> 0 | WD7: 1008 | WE7: =WD7*J7 -> 1877010.5 | WF7: =VR7+VT7+VZ7+VV7+VX7+WB7+WD7 -> 2498 | WG7: =WF7*J7 -> 4651559.9 | WH7: 298 | WI7: =E7 -> AM-C46 | WJ7: Head | WK7: =J7 -> 1862.1136
A8: B0FG88HVQ8 | B8: FBA79813 | D8: Audio Array | E8: AH-50 | H8: DJ Headphone | I8: DJ Headphone | J8: 1108.433 | MM8: 0 | MN8: 0 | MO8: 0 | MP8: 0 | MQ8: =MM8+MO8 -> 0 | MR8: =MN8+MP8 -> 0 | MS8: =MR8/1.18 -> 0 | MT8: =MR8/$MR$1 -> 0 | MU8: NA | MV8: 0 | MW8: 0 | MX8: =MW8/$IS$1 -> 0 | MY8: =MQ8*NC8 -> 0 | MZ8: =E8 -> AH-50 | NA8: =A8 -> B0FG88HVQ8 | NB8: =B8 -> FBA79813 | NC8: =J8 -> 1108.433 | ND8: 0 | NE8: =ND8*NC8 -> 0 | NF8: 0 | NG8: =NF8*NC8 -> 0 | NH8: 0 | NI8: =NH8*NC8 -> 0 | NJ8: 0 | NK8: =NJ8*NC8 -> 0 | NL8: 0 | NM8: =NL8*NC8 -> 0 | NN8: 0 | NO8: =NN8*NC8 -> 0 | NP8: 2000 | NQ8: =NP8*NC8 -> 2216866 | NR8: =ND8+NF8+NL8+NH8+NJ8+NN8+NP8 -> 2000 | NS8: =NR8*NC8 -> 2216866 | NT8: 0 | NU8: =E8 -> AH-50 | NV8: Bundle Pack | NW8: =J8 -> 1108.433 | NX8: 0 | NY8: 0 | NZ8: 0 | OA8: 0 | OB8: =NX8+NZ8 -> 0 | OC8: =NY8+OA8 -> 0 | OD8: =OC8/1.18 -> 0 | OE8: =OC8/$OC$1 -> 0 | OF8: NA | OG8: 0 | OH8: 0 | OI8: =OH8/$IS$1 -> 0 | OJ8: =OB8*ON8 -> 0 | OK8: =E8 -> AH-50 | OL8: =A8 -> B0FG88HVQ8 | OM8: =B8 -> FBA79813 | ON8: =J8 -> 1108.433 | OO8: 0 | OP8: =OO8*ON8 -> 0 | OQ8: 0 | OR8: =OQ8*ON8 -> 0 | OS8: 0 | OT8: =OS8*ON8 -> 0 | OU8: 0 | OV8: =OU8*ON8 -> 0 | OW8: 0 | OX8: =OW8*ON8 -> 0 | OY8: 0 | OZ8: =OY8*ON8 -> 0 | PA8: 2000 | PB8: =PA8*ON8 -> 2216866 | PC8: =OO8+OQ8+OW8+OS8+OU8+OY8+PA8 -> 2000 | PD8: =PC8*ON8 -> 2216866 | PE8: 0 | PF8: =E8 -> AH-50 | PG8: Bundle Pack | PH8: =AU8 -> 0 | PI8: 0 | PJ8: 0 | PK8: 0 | PL8: 0 | PM8: =PI8+PK8 -> 0 | PN8: =PJ8+PL8 -> 0 | PO8: =PN8/1.18 -> 0 | PP8: =PN8/$PN$1 -> 0 | PQ8: NA | PR8: 0 | PS8: 0 | PT8: =PS8/$IS$1 -> 0 | PU8: =PM8*PY8 -> 0 | PV8: =E8 -> AH-50 | PW8: =A8 -> B0FG88HVQ8 | PX8: =B8 -> FBA79813 | PY8: =J8 -> 1108.433 | PZ8: 0 | QA8: =PZ8*PY8 -> 0 | QC8: =QB8*PY8 -> 0 | QD8: 0 | QE8: =QD8*PY8 -> 0 | QF8: 0 | QG8: =QF8*PY8 -> 0 | QH8: 0 | QI8: =QH8*PY8 -> 0 | QJ8: 0 | QK8: =QJ8*PY8 -> 0 | QL8: 2000 | QM8: =QL8*PY8 -> 2216866 | QN8: =PZ8+QB8+QH8+QD8+QF8+QJ8+QL8 -> 2000 | QO8: =QN8*PY8 -> 2216866 | QP8: 0 | QQ8: =E8 -> AH-50 | QR8: Bundle Pack | QS8: =CF8 -> 0 | QT8: 2 | QU8: 3990 | QV8: 1 | QW8: 2191 | QX8: =QT8+QV8 -> 3 | QY8: =QU8+QW8 -> 6181 | QZ8: =QY8/1.18 -> 5238.1356 | RA8: =QY8/$QY$1 -> 0.00033074925 | RB8: 68 | RC8: 0 | RD8: 0 | RE8: =RD8/$IS$1 -> 0 | RF8: =QX8*RJ8 -> 3325.299 | RG8: =E8 -> AH-50 | RH8: =A8 -> B0FG88HVQ8 | RI8: =B8 -> FBA79813 | RJ8: =J8 -> 1108.433 | RK8: 30 | RL8: =RK8*RJ8 -> 33252.99 | RM8: 0 | RN8: =RM8*RJ8 -> 0 | RO8: 0 | RP8: =RO8*RJ8 -> 0 | RQ8: 0 | RR8: =RQ8*RJ8 -> 0 | RS8: 2000 | RT8: =RS8*RJ8 -> 2216866 | RU8: 0 | RV8: =RU8*RJ8 -> 0 | RW8: 0 | RX8: =RW8*RJ8 -> 0 | RY8: =RK8+RM8+RS8+RO8+RQ8+RU8+RW8 -> 2030 | RZ8: =RY8*RJ8 -> 2250119 | SA8: 0 | SB8: =E8 -> AH-50 | SC8: Bundle Pack | SD8: =J8 -> 1108.433 | SE8: 2 | SF8: 3998 | SG8: 110 | SH8: 216071 | SI8: =SE8+SG8 -> 112 | SJ8: =SF8+SH8 -> 220069 | SK8: =SJ8/1.18 -> 186499.15 | SL8: =SJ8/$SJ$1 -> 0.014098632 | SM8: 3428 | SN8: 0 | SO8: 0 | SP8: =SO8/$IS$1 -> 0 | SQ8: =SI8*SU8 -> 124144.5 | SR8: =E8 -> AH-50 | SS8: =A8 -> B0FG88HVQ8 | ST8: =B8 -> FBA79813 | SU8: =J8 -> 1108.433 | SV8: 300 | SW8: =SV8*SU8 -> 332529.9 | SX8: 1337 | SY8: =SX8*SU8 -> 1481974.9 | SZ8: 0 | TA8: =SZ8*SU8 -> 0 | TB8: 0 | TC8: =TB8*SU8 -> 0 | TD8: 0 | TE8: =TD8*SU8 -> 0 | TF8: 0 | TG8: =TF8*SU8 -> 0 | TH8: 0 | TI8: =TH8*SU8 -> 0 | TJ8: =SV8+SX8+TD8+SZ8+TB8+TF8+TH8 -> 1637 | TK8: =TJ8*SU8 -> 1814504.8 | TL8: 22 | TM8: =E8 -> AH-50 | TN8: New | TO8: =J8 -> 1108.433 | TP8: 100 | TQ8: 194658.65 | TR8: 214 | TS8: 404616.49 | TT8: =TP8+TR8 -> 314 | TU8: =TQ8+TS8 -> 599275.14 | TV8: =TU8/1.18 -> 507860.29 | TW8: =TU8/$TU$1 -> 0.035393653 | TX8: 8264 | TY8: 0 | TZ8: 0 | UA8: =TZ8/$IS$1 -> 0 | UB8: =TT8*J8 -> 348047.96 | UC8: =E8 -> AH-50 | UD8: =A8 -> B0FG88HVQ8 | UE8: =B8 -> FBA79813 | UF8: =J8 -> 1108.433 | UG8: 603 | UH8: =UG8*J8 -> 668385.1 | UI8: 955 | UJ8: =UI8*J8 -> 1058553.5 | UK8: 0 | UL8: =UK8*J8 -> 0 | UM8: 0 | UN8: =UM8*J8 -> 0 | UO8: 0 | UP8: =UO8*J8 -> 0 | UQ8: 0 | UR8: =UQ8*J8 -> 0 | US8: 3000 | UT8: =US8*J8 -> 3325299 | UU8: =UG8+UI8+UO8+UK8+UM8+UQ8+US8 -> 4558 | UV8: =UU8*J8 -> 5052237.6 | UW8: 100 | UX8: =E8 -> AH-50 | UY8: New | UZ8: =J8 -> 1108.433 | VA8: 89 | VB8: 175735 | VC8: 224 | VD8: 434311.54 | VE8: =VA8+VC8 -> 313 | VF8: =VB8+VD8 -> 610046.54 | VG8: =VF8/1.18 -> 516988.6 | VH8: =VF8/$VF$1 -> 0.036463217 | VI8: 10228 | VJ8: 0 | VK8: 0 | VL8: =VK8/$IS$1 -> 0 | VM8: =VE8*J8 -> 346939.53 | VN8: =E8 -> AH-50 | VO8: =A8 -> B0FG88HVQ8 | VP8: =B8 -> FBA79813 | VQ8: =J8 -> 1108.433 | VR8: 427 | VS8: =VR8*J8 -> 473300.89 | VT8: 300 | VU8: =VT8*J8 -> 332529.9 | VV8: 0 | VW8: =VV8*J8 -> 0 | VX8: 0 | VY8: =VX8*J8 -> 0 | VZ8: 0 | WA8: =VZ8*J8 -> 0 | WB8: 0 | WC8: =WB8*J8 -> 0 | WD8: 3000 | WE8: =WD8*J8 -> 3325299 | WF8: =VR8+VT8+VZ8+VV8+VX8+WB8+WD8 -> 3727 | WG8: =WF8*J8 -> 4131129.8 | WH8: 141 | WI8: =E8 -> AH-50 | WJ8: New | WK8: =J8 -> 1108.433
A9: B0CM6NTWBP | B9: FBA79103 | C9: New | D9: Audio Array | E9: AI-10 | F9: To be launched | G9: D210 | H9: Audio Interface | I9: Audio Interface | J9: 1454.7763 | K9: Zimhome (Lucas) | L9: 0 | M9: 0 | N9: 0 | O9: 0 | P9: =M9+N9+O9 -> 0 | Q9: 0 | R9: 0 | S9: 0 | T9: 0 | U9: =R9+S9+T9 -> 0 | V9: 0 | W9: 0 | X9: 0 | Y9: 0 | Z9: =W9+X9+Y9 -> 0 | AA9: =Z9/$Z$1 -> 0 | AB9: 0 | AC9: 0 | AD9: 0 | AE9: 0 | AF9: =AC9+AD9+AE9 -> 0 | AG9: =AF9/$AF$1 -> 0 | AH9: 0 | AI9: 0 | AJ9: 0 | AK9: 0 | AL9: =AI9+AJ9+AK9 -> 0 | AM9: =AL9/$AL$1 -> 0 | AN9: 0 | AO9: 0 | AP9: 0 | AQ9: =AO9+AP9 -> 0 | AR9: =AQ9*#REF! -> #REF! | AS9: =AR9/$AR$1 -> #REF! | AT9: 0 | AU9: 0 | AV9: 0 | AW9: =AU9+AV9 -> 0 | AX9: =AW9*#REF! -> #REF! | AY9: =AX9/$AX$1 -> #REF! | AZ9: 0 | BA9: 0 | BB9: 0 | BC9: =BA9+BB9 -> 0 | BD9: =BC9*#REF! -> #REF! | BE9: =BD9/$BD$1 -> #REF! | BF9: 0 | BG9: 0 | BH9: 0 | BI9: =BG9+BH9 -> 0 | BJ9: =BI9*#REF! -> #REF! | BK9: =BJ9/$BJ$1 -> #REF! | BL9: 0.25 | BM9: 0 | BN9: 1 | BO9: =BM9+BN9 -> 1 | BP9: =BO9*#REF! -> #REF! | BQ9: =BP9/$BP$1 -> #REF! | BR9: 0.9995 | BS9: 0 | BT9: 11 | BU9: 32982 | BV9: 0 | BW9: 0 | BX9: 0 | BY9: 0 | BZ9: =BS9+BT9+BX9+BV9 -> 11 | CA9: =BY9+BU9+BW9 -> 32982 | CB9: =CA9/$CA$1 -> 0.0040309107 | CC9: =BZ9*#REF! -> #REF! | CD9: 24 | CE9: 72126 | CF9: 0 | CG9: 0 | CH9: 1 | CI9: 1799 | CJ9: =CD9+CH9+CF9 -> 25 | CK9: =CI9+CE9+CG9 -> 73925 | CL9: =CK9/$CK$1 -> 0.0099784465 | CM9: =CJ9*#REF! -> #REF! | CN9: 22 | CO9: 63818 | CP9: 0 | CQ9: 0 | CR9: 1 | CS9: 1799 | CT9: =CN9+CR9+CP9 -> 23 | CU9: =CS9+CO9+CQ9 -> 65617 | CV9: =CU9/$CU$1 -> 0.009273489 | CW9: =CT9*#REF! -> #REF! | CX9: 33 | CY9: 98749 | CZ9: 0 | DA9: 0 | DB9: =CX9+CZ9 -> 33 | DC9: =CY9+DA9 -> 98749 | DD9: =DC9/$DC$1 -> 0.012903027 | DE9: 4108 | DF9: 42 | DG9: 116613 | DH9: =DB9*#REF! -> #REF! | DI9: 69 | DJ9: 197923 | DK9: 0 | DL9: 0 | DM9: =DI9+DK9 -> 69 | DN9: =DJ9+DL9 -> 197923 | DO9: =DN9/1.18 -> 167731.36 | DP9: =DN9/$DN$1 -> 0.022669679 | DQ9: 5843 | DR9: 88 | DS9: 229086 | DT9: =DS9/$DS$1 -> 0.022867889 | DU9: =DM9*#REF! -> #REF! | DV9: =(DR9-DF9)/DF9 -> 1.0952381 | DW9: =(DM9-DB9)/DB9 -> 1.0909091 | DX9: 12812.508 | DY9: 62 | DZ9: 114475.42 | EA9: =DX9/DZ9 -> 0.11192366 | EB9: =DX9/DO9 -> 0.076387075 | EC9: - | ED9: - | EE9: 93 | EF9: 258449.02 | EG9: 0 | EH9: 0 | EI9: =EE9+EG9 -> 93 | EJ9: =EF9+EH9 -> 258449.02 | EK9: =EJ9/1.18 -> 219024.59 | EL9: =EJ9/$EJ$1 -> 0.026223497 | EM9: 8534 | EN9: 140 | EO9: 334428 | EP9: =EO9/$EO$1 -> 0.029530163 | EQ9: =EI9*#REF! -> #REF! | ER9: =(EN9-DR9)/DR9 -> 0.59090909 | ES9: =(EI9-DM9)/DM9 -> 0.34782609 | EV9: 70 | EW9: 196439 | EX9: 0 | EY9: 0 | EZ9: =EV9+EX9 -> 70 | FA9: =EW9+EY9 -> 196439 | FB9: =FA9/1.18 -> 166473.73 | FC9: =FA9/$FA$1 -> 0.019180783 | FD9: 7808 | FE9: 107 | FF9: 252270 | FG9: =FF9/$FF$1 -> 0.01919395 | FH9: =EZ9*#REF! -> #REF! | FI9: 62 | FJ9: 166348.92 | FK9: 0 | FL9: 0 | FM9: =FI9+FK9 -> 62 | FN9: =FJ9+FL9 -> 166348.92 | FO9: =FN9/1.18 -> 140973.66 | FP9: =FN9/$FN$1 -> 0.012835991 | FQ9: 9912 | FR9: 103 | FS9: 236363 | FT9: =FS9/$FS$1 -> 0.014044987 | FU9: =FM9*#REF! -> #REF! | FV9: 61 | FW9: 170057 | FX9: 0 | FY9: 0 | FZ9: =FV9+FX9 -> 61 | GA9: =FW9+FY9 -> 170057 | GB9: =GA9/1.18 -> 144116.1 | GC9: =GA9/$GA$1 -> 0.015623639 | GD9: 8353 | GE9: 86 | GF9: 204227 | GG9: =GF9/$GF$1 -> 0.016603346 | GH9: =J9*FZ9 -> 88741.353 | GI9: 38 | GJ9: 106141 | GM9: =GI9+GK9 -> 38 | GN9: =GJ9+GL9 -> 106141 | GO9: =GN9/1.18 -> 89950 | GP9: =GN9/$GN$1 -> 0.011808435 | GQ9: 6516 | GR9: 70 | GS9: 173456 | GT9: =GS9/$GS$1 -> 0.016453053 | GU9: =J9*GM9 -> 55281.498 | GV9: 47 | GW9: 128059.11 | GZ9: =GV9+GX9 -> 47 | HA9: =GW9+GY9 -> 128059.11 | HB9: =HA9/1.18 -> 108524.67 | HC9: =HA9/$HA$1 -> 0.015360901 | HD9: 7289 | HE9: 85 | HF9: 210923 | HG9: =HF9/$HF$1 -> 0.018297914 | HH9: =J9*GZ9 -> 68374.485 | HI9: 53 | HJ9: 145481.59 | HM9: =HI9+HK9 -> 53 | HN9: =HJ9+HL9 -> 145481.59 | HO9: =HN9/1.18 -> 123289.48 | HP9: =HN9/$HN$1 -> 0.017369088 | HQ9: 5668 | HR9: 62 | HS9: 151195 | HT9: =HS9/$HS$1 -> 0.015691252 | HU9: =J9*HM9 -> 77103.143 | HV9: 10 | HW9: 27496 | HX9: 36 | HY9: 99805.934 | HZ9: =HV9+HX9 -> 46 | IA9: =HW9+HY9 -> 127301.93 | IB9: =IA9/1.18 -> 107882.99 | IC9: =IA9/$IA$1 -> 0.010378263 | ID9: 4288 | IE9: 6 | IF9: 11336 | IG9: =IF9/$IF$1 -> 0.0062745306 | IH9: =IY9*HZ9 -> 66919.709 | II9: 9 | IJ9: 25583 | IK9: 49 | IL9: 137150.88 | IM9: =II9+IK9 -> 58 | IN9: =IJ9+IL9 -> 162733.88 | IO9: =IN9/1.18 -> 137910.07 | IP9: =IN9/$IN$1 -> 0.017689724 | IQ9: 6471 | IR9: 10 | IS9: 25695 | IT9: =IS9/$IS$1 -> 0.024533487 | IU9: =IY9*IM9 -> 84377.024 | IV9: =E9 -> AI-10 | IW9: =A9 -> B0CM6NTWBP | IX9: =B9 -> FBA79103 | IY9: 1454.7763 | IZ9: 29 | JA9: =IZ9*IY9 -> 42188.512 | JB9: 473 | JC9: =JB9*IY9 -> 688109.18 | JD9: 73 | JE9: =JD9*IY9 -> 106198.67 | JF9: 0 | JG9: =JF9*IY9 -> 0 | JH9: 0 | JI9: =JH9*IY9 -> 0 | JJ9: 0 | JK9: =JJ9*IY9 -> 0 | JL9: 480 | JM9: =JL9*IY9 -> 698292.61 | JN9: =IZ9+JB9+JH9+JD9+JF9+JJ9+JL9 -> 1055 | JO9: =JN9*IY9 -> 1534789 | JP9: =E9 -> AI-10 | JQ9: =C9 -> New | JR9: 1454.7763 | JS9: 9 | JT9: 25192.01 | JU9: 50 | JV9: 137989.87 | JW9: =JS9+JU9 -> 59 | JX9: =JT9+JV9 -> 163181.88 | JY9: =JX9/1.18 -> 138289.73 | JZ9: =JX9/$JX$1 -> 0.014833934 | KA9: 6775 | KB9: 10 | KC9: 25695 | KD9: =KC9/$IS$1 -> 0.024533487 | KE9: =KI9*JW9 -> 85831.8 | KF9: =E9 -> AI-10 | KG9: =A9 -> B0CM6NTWBP | KH9: =B9 -> FBA79103 | KI9: 1454.7763 | KJ9: 24 | KK9: =KJ9*KI9 -> 34914.631 | KL9: 390 | KM9: =KL9*KI9 -> 567362.75 | KN9: 73 | KO9: =KN9*KI9 -> 106198.67 | KP9: 0 | KQ9: =KP9*KI9 -> 0 | KR9: 0 | KS9: =KR9*KI9 -> 0 | KT9: 0 | KU9: =KT9*KI9 -> 0 | KV9: 480 | KW9: =KV9*KI9 -> 698292.61 | KX9: =KJ9+KL9+KR9+KN9+KP9+KT9+KV9 -> 967 | KY9: =KX9*KI9 -> 1406768.7 | KZ9: =E9 -> AI-10 | LA9: =C9 -> New | LB9: 1454.7763 | LC9: 2 | LD9: 5710 | LE9: 60 | LF9: 167883.02 | LG9: =LC9+LE9 -> 62 | LH9: =LD9+LF9 -> 173593.02 | LI9: =LH9/1.18 -> 147112.73 | LJ9: =LH9/$LH$1 -> 0.016053557 | LK9: 7500 | LL9: 10 | LM9: 25695 | LN9: =LM9/$IS$1 -> 0.024533487 | LO9: =LS9*LG9 -> 90196.129 | LP9: =E9 -> AI-10 | LQ9: =A9 -> B0CM6NTWBP | LR9: =B9 -> FBA79103 | LS9: 1454.7763 | LT9: 61 | LU9: =LT9*LS9 -> 88741.353 | LV9: 827 | LW9: =LV9*LS9 -> 1203100 | LX9: 17 | LY9: =LX9*LS9 -> 24731.197 | LZ9: 0 | MA9: =LZ9*LS9 -> 0 | MB9: 0 | MC9: =MB9*LS9 -> 0 | MD9: 0 | ME9: =MD9*LS9 -> 0 | MF9: 0 | MG9: =MF9*LS9 -> 0 | MH9: =LT9+LV9+MB9+LX9+LZ9+MD9+MF9 -> 905 | MI9: =MH9*LS9 -> 1316572.5 | MJ9: =E9 -> AI-10 | MK9: New | ML9: 1454.7763 | MM9: 18 | MN9: 51177 | MO9: 124 | MP9: 343414.08 | MQ9: =MM9+MO9 -> 142 | MR9: =MN9+MP9 -> 394591.08 | MS9: =MR9/1.18 -> 334399.22 | MT9: =MR9/$MR$1 -> 0.0289245 | MU9: 10946 | MV9: 10 | MW9: 25695 | MX9: =MW9/$IS$1 -> 0.024533487 | MY9: =MQ9*NC9 -> 206578.23 | MZ9: =E9 -> AI-10 | NA9: =A9 -> B0CM6NTWBP | NB9: =B9 -> FBA79103 | NC9: =J9 -> 1454.7763 | ND9: 98 | NE9: =ND9*NC9 -> 142568.07 | NF9: 768 | NG9: =NF9*NC9 -> 1117268.2 | NH9: 17 | NI9: =NH9*NC9 -> 24731.197 | NJ9: 0 | NK9: =NJ9*NC9 -> 0 | NL9: 0 | NM9: =NL9*NC9 -> 0 | NN9: 0 | NO9: =NN9*NC9 -> 0 | NP9: 0 | NQ9: =NP9*NC9 -> 0 | NR9: =ND9+NF9+NL9+NH9+NJ9+NN9+NP9 -> 883 | NS9: =NR9*NC9 -> 1284567.5 | NT9: 17 | NU9: =E9 -> AI-10 | NV9: New | NW9: 1454.7763 | NX9: 84 | NY9: 234080.58 | NZ9: 27 | OA9: 75573 | OB9: =NX9+NZ9 -> 111 | OC9: =NY9+OA9 -> 309653.58 | OD9: =OC9/1.18 -> 262418.29 | OE9: =OC9/$OC$1 -> 0.021697982 | OF9: 12428 | OG9: 10 | OH9: 25695 | OI9: =OH9/$IS$1 -> 0.024533487 | OJ9: =OB9*ON9 -> 161480.17 | OK9: =E9 -> AI-10 | OL9: =A9 -> B0CM6NTWBP | OM9: =B9 -> FBA79103 | ON9: =J9 -> 1454.7763 | OO9: 64 | OP9: =OO9*ON9 -> 93105.682 | OQ9: 521 | OR9: =OQ9*ON9 -> 757938.44 | OS9: 17 | OT9: =OS9*ON9 -> 24731.197 | OU9: 0 | OV9: =OU9*ON9 -> 0 | OW9: 0 | OX9: =OW9*ON9 -> 0 | OY9: 0 | OZ9: =OY9*ON9 -> 0 | PA9: 0 | PB9: =PA9*ON9 -> 0 | PC9: =OO9+OQ9+OW9+OS9+OU9+OY9+PA9 -> 602 | PD9: =PC9*ON9 -> 875775.32 | PE9: 141 | PF9: =E9 -> AI-10 | PG9: New | PH9: 1454.7763 | PI9: 21 | PJ9: 61646 | PK9: 171 | PL9: 465127.96 | PM9: =PI9+PK9 -> 192 | PN9: =PJ9+PL9 -> 526773.96 | PO9: =PN9/1.18 -> 446418.61 | PP9: =PN9/$PN$1 -> 0.029674435 | PQ9: 13890 | PR9: 10 | PS9: 25695 | PT9: =PS9/$IS$1 -> 0.024533487 | PU9: =PM9*PY9 -> 279317.04 | PV9: =E9 -> AI-10 | PW9: =A9 -> B0CM6NTWBP | PX9: =B9 -> FBA79103 | PY9: =J9 -> 1454.7763 | PZ9: 62 | QA9: =PZ9*PY9 -> 90196.129 | QC9: =QB9*PY9 -> 0 | QD9: 17 | QE9: =QD9*PY9 -> 24731.197 | QF9: 0 | QG9: =QF9*PY9 -> 0 | QH9: 0 | QI9: =QH9*PY9 -> 0 | QJ9: 0 | QK9: =QJ9*PY9 -> 0 | QL9: 0 | QM9: =QL9*PY9 -> 0 | QN9: =PZ9+QB9+QH9+QD9+QF9+QJ9+QL9 -> 79 | QO9: =QN9*PY9 -> 114927.33 | QP9: 103 | QQ9: =E9 -> AI-10 | QR9: New | QS9: 1454.7763 | QT9: 88 | QU9: 249527 | QV9: 291 | QW9: 785565 | QX9: =QT9+QV9 -> 379 | QY9: =QU9+QW9 -> 1035092 | QZ9: =QY9/1.18 -> 877196.61 | RA9: =QY9/$QY$1 -> 0.055388433 | RB9: 29577 | RC9: 10 | RD9: 25695 | RE9: =RD9/$IS$1 -> 0.024533487 | RF9: =QX9*RJ9 -> 551360.21 | RG9: =E9 -> AI-10 | RH9: =A9 -> B0CM6NTWBP | RI9: =B9 -> FBA79103 | RJ9: =J9 -> 1454.7763 | RK9: 122 | RL9: =RK9*RJ9 -> 177482.71 | RM9: 39 | RN9: =RM9*RJ9 -> 56736.275 | RO9: 0 | RP9: =RO9*RJ9 -> 0 | RQ9: 0 | RR9: =RQ9*RJ9 -> 0 | RS9: 0 | RT9: =RS9*RJ9 -> 0 | RU9: 0 | RV9: =RU9*RJ9 -> 0 | RW9: 1000 | RX9: =RW9*RJ9 -> 1454776.3 | RY9: =RK9+RM9+RS9+RO9+RQ9+RU9+RW9 -> 1161 | RZ9: =RY9*RJ9 -> 1688995.3 | SA9: 91 | SB9: =E9 -> AI-10 | SC9: New | SD9: =J9 -> 1454.7763 | SE9: 38 | SF9: 113294 | SG9: 157 | SH9: 470594 | SI9: =SE9+SG9 -> 195 | SJ9: =SF9+SH9 -> 583888 | SK9: =SJ9/1.18 -> 494820.34 | SL9: =SJ9/$SJ$1 -> 0.03740655 | SM9: 21839 | SN9: 10 | SO9: 25695 | SP9: =SO9/$IS$1 -> 0.024533487 | SQ9: =SI9*SU9 -> 283681.37 | SR9: =E9 -> AI-10 | SS9: =A9 -> B0CM6NTWBP | ST9: =B9 -> FBA79103 | SU9: =J9 -> 1454.7763 | SV9: 92 | SW9: =SV9*SU9 -> 133839.42 | SX9: 4 | SY9: =SX9*SU9 -> 5819.1051 | SZ9: 0 | TA9: =SZ9*SU9 -> 0 | TB9: 0 | TC9: =TB9*SU9 -> 0 | TD9: 1000 | TE9: =TD9*SU9 -> 1454776.3 | TF9: 0 | TG9: =TF9*SU9 -> 0 | TH9: 1000 | TI9: =TH9*SU9 -> 1454776.3 | TJ9: =SV9+SX9+TD9+SZ9+TB9+TF9+TH9 -> 2096 | TK9: =TJ9*SU9 -> 3049211.1 | TL9: 11 | TM9: =E9 -> AI-10 | TN9: Head | TO9: =J9 -> 1454.7763 | TP9: 106 | TQ9: 291907 | TR9: 35 | TS9: 110168.84 | TT9: =TP9+TR9 -> 141 | TU9: =TQ9+TS9 -> 402075.84 | TV9: =TU9/1.18 -> 340742.23 | TW9: =TU9/$TU$1 -> 0.02374691 | TX9: 12582 | TY9: 10 | TZ9: 25695 | UA9: =TZ9/$IS$1 -> 0.024533487 | UB9: =TT9*J9 -> 205123.45 | UC9: =E9 -> AI-10 | UD9: =A9 -> B0CM6NTWBP | UE9: =B9 -> FBA79103 | UF9: =J9 -> 1454.7763 | UG9: 92 | UH9: =UG9*J9 -> 133839.42 | UI9: 453 | UJ9: =UI9*J9 -> 659013.65 | UK9: 0 | UL9: =UK9*J9 -> 0 | UM9: 0 | UN9: =UM9*J9 -> 0 | UO9: 1000 | UP9: =UO9*J9 -> 1454776.3 | UQ9: 0 | UR9: =UQ9*J9 -> 0 | US9: 1000 | UT9: =US9*J9 -> 1454776.3 | UU9: =UG9+UI9+UO9+UK9+UM9+UQ9+US9 -> 2545 | UV9: =UU9*J9 -> 3702405.6 | UW9: 253 | UX9: =E9 -> AI-10 | UY9: Head | UZ9: =J9 -> 1454.7763 | VA9: 6 | VB9: 15895 | VC9: 130 | VD9: 387628.08 | VE9: =VA9+VC9 -> 136 | VF9: =VB9+VD9 -> 403523.08 | VG9: =VF9/1.18 -> 341968.71 | VH9: =VF9/$VF$1 -> 0.024119061 | VI9: 15102 | VJ9: 10 | VK9: 25695 | VL9: =VK9/$IS$1 -> 0.024533487 | VM9: =VE9*J9 -> 197849.57 | VN9: =E9 -> AI-10 | VO9: =A9 -> B0CM6NTWBP | VP9: =B9 -> FBA79103 | VQ9: =J9 -> 1454.7763 | VR9: 84 | VS9: =VR9*J9 -> 122201.21 | VT9: 382 | VU9: =VT9*J9 -> 555724.54 | VV9: 0 | VW9: =VV9*J9 -> 0 | VX9: 0 | VY9: =VX9*J9 -> 0 | VZ9: 1000 | WA9: =VZ9*J9 -> 1454776.3 | WB9: 0 | WC9: =WB9*J9 -> 0 | WD9: 0 | WE9: =WD9*J9 -> 0 | WF9: =VR9+VT9+VZ9+VV9+VX9+WB9+WD9 -> 1466 | WG9: =WF9*J9 -> 2132702 | WH9: 325 | WI9: =E9 -> AI-10 | WJ9: Head | WK9: =J9 -> 1454.7763
A10: B0CF5TCQKL | B10: FBA78975 | C10: New | D10: Audio Array | E10: AA-21 | F10: To be launched | G10: BS-69C Black | H10: Microphone Accessories | I10: Accessories | J10: 1617.4545 | K10: Lumi (Kim) | L10: 0 | M10: 0 | N10: 0 | O10: 0 | P10: =M10+N10+O10 -> 0 | Q10: 0 | R10: 0 | S10: 0 | T10: 0 | U10: =R10+S10+T10 -> 0 | V10: 0 | W10: 0 | X10: 0 | Y10: 0 | Z10: =W10+X10+Y10 -> 0 | AA10: =Z10/$Z$1 -> 0 | AB10: 0 | AC10: 0 | AD10: 0 | AE10: 0 | AF10: =AC10+AD10+AE10 -> 0 | AG10: =AF10/$AF$1 -> 0 | AH10: 0 | AI10: 0 | AJ10: 0 | AK10: 0 | AL10: =AI10+AJ10+AK10 -> 0 | AM10: =AL10/$AL$1 -> 0 | AN10: 1 | AO10: 0 | AP10: 1 | AQ10: =AO10+AP10 -> 1 | AR10: =AQ10*#REF! -> #REF! | AS10: =AR10/$AR$1 -> #REF! | AT10: 0.9611 | AU10: 0 | AV10: 8 | AW10: =AU10+AV10 -> 8 | AX10: =AW10*#REF! -> #REF! | AY10: =AX10/$AX$1 -> #REF! | AZ10: 1 | BA10: 0 | BB10: 13 | BC10: =BA10+BB10 -> 13 | BD10: =BC10*#REF! -> #REF! | BE10: =BD10/$BD$1 -> #REF! | BF10: 1 | BG10: 0 | BH10: 15 | BI10: =BG10+BH10 -> 15 | BJ10: =BI10*#REF! -> #REF! | BK10: =BJ10/$BJ$1 -> #REF! | BL10: 0.9979 | BM10: 0 | BN10: 25 | BO10: =BM10+BN10 -> 25 | BP10: =BO10*#REF! -> #REF! | BQ10: =BP10/$BP$1 -> #REF! | BR10: 0.9952 | BS10: 0 | BT10: 33 | BU10: 108986 | BV10: 0 | BW10: 0 | BX10: 0 | BY10: 0 | BZ10: =BS10+BT10+BX10+BV10 -> 33 | CA10: =BY10+BU10+BW10 -> 108986 | CB10: =CA10/$CA$1 -> 0.013319775 | CC10: =BZ10*#REF! -> #REF! | CD10: 3 | CE10: 10097 | CF10: 0 | CG10: 0 | CH10: 0 | CI10: 0 | CJ10: =CD10+CH10+CF10 -> 3 | CK10: =CI10+CE10+CG10 -> 10097 | CL10: =CK10/$CK$1 -> 0.0013628999 | CM10: =CJ10*#REF! -> #REF! | CN10: 0 | CO10: 0 | CP10: 0 | CQ10: 0 | CR10: 0 | CS10: 0 | CT10: =CN10+CR10+CP10 -> 0 | CU10: =CS10+CO10+CQ10 -> 0 | CV10: =CU10/$CU$1 -> 0 | CW10: =CT10*#REF! -> #REF! | CX10: 0 | CY10: 0 | CZ10: 0 | DA10: 0 | DB10: =CX10+CZ10 -> 0 | DC10: =CY10+DA10 -> 0 | DD10: =DC10/$DC$1 -> 0 | DE10: 0 | DF10: 0 | DG10: 0 | DH10: =DB10*#REF! -> #REF! | DI10: 14 | DJ10: 52435 | DK10: 0 | DL10: 0 | DM10: =DI10+DK10 -> 14 | DN10: =DJ10+DL10 -> 52435 | DO10: =DN10/1.18 -> 44436.441 | DP10: =DN10/$DN$1 -> 0.0060057932 | DQ10: 1519 | DR10: 15 | DS10: 55896 | DT10: =DS10/$DS$1 -> 0.0055796666 | DU10: =DM10*#REF! -> #REF! | DV10: =(DR10-DF10)/DF10 -> #DIV/0! | DW10: =(DM10-DB10)/DB10 -> #DIV/0! | DX10: 2291.41 | DY10: 7 | DZ10: 21400.84 | EA10: =DX10/DZ10 -> 0.10707103 | EB10: =DX10/DO10 -> 0.051566011 | EC10: - | ED10: - | EE10: 45 | EF10: 160702 | EG10: 0 | EH10: 0 | EI10: =EE10+EG10 -> 45 | EJ10: =EF10+EH10 -> 160702 | EK10: =EJ10/1.18 -> 136188.14 | EL10: =EJ10/$EJ$1 -> 0.016305608 | EM10: 5062 | EN10: 51 | EO10: 178550 | EP10: =EO10/$EO$1 -> 0.015766056 | EQ10: =EI10*#REF! -> #REF! | ER10: =(EN10-DR10)/DR10 -> 2.4 | ES10: =(EI10-DM10)/DM10 -> 2.2142857 | EV10: 43 | EW10: 152733.55 | EX10: 0 | EY10: 0 | EZ10: =EV10+EX10 -> 43 | FA10: =EW10+EY10 -> 152733.55 | FB10: =FA10/1.18 -> 129435.21 | FC10: =FA10/$FA$1 -> 0.014913277 | FD10: 5544 | FE10: 47 | FF10: 166603 | FG10: =FF10/$FF$1 -> 0.012675981 | FH10: =EZ10*#REF! -> #REF! | FI10: 43 | FJ10: 151014.14 | FK10: 0 | FL10: 0 | FM10: =FI10+FK10 -> 43 | FN10: =FJ10+FL10 -> 151014.14 | FO10: =FN10/1.18 -> 127978.08 | FP10: =FN10/$FN$1 -> 0.011652712 | FQ10: 4219 | FR10: 57 | FS10: 197542 | FT10: =FS10/$FS$1 -> 0.011738194 | FU10: =FM10*#REF! -> #REF! | FV10: 43 | FW10: 154705.55 | FX10: 0 | FY10: 0 | FZ10: =FV10+FX10 -> 43 | GA10: =FW10+FY10 -> 154705.55 | GB10: =GA10/1.18 -> 131106.4 | GC10: =GA10/$GA$1 -> 0.014213256 | GD10: 2796 | GE10: 48 | GF10: 172452 | GG10: =GF10/$GF$1 -> 0.014020087 | GH10: =J10*FZ10 -> 69550.543 | GI10: 47 | GJ10: 168753 | GM10: =GI10+GK10 -> 47 | GN10: =GJ10+GL10 -> 168753 | GO10: =GN10/1.18 -> 143011.02 | GP10: =GN10/$GN$1 -> 0.018774167 | GQ10: 3170 | GR10: 52 | GS10: 186998 | GT10: =GS10/$GS$1 -> 0.017737571 | GU10: =J10*GM10 -> 76020.361 | GV10: 41 | GW10: 139450.94 | GZ10: =GV10+GX10 -> 41 | HA10: =GW10+GY10 -> 139450.94 | HB10: =HA10/1.18 -> 118178.76 | HC10: =HA10/$HA$1 -> 0.01672737 | HD10: 3362 | HE10: 55 | HF10: 189038 | HG10: =HF10/$HF$1 -> 0.016399355 | HH10: =J10*GZ10 -> 66315.634 | HI10: 45 | HJ10: 162156.01 | HM10: =HI10+HK10 -> 45 | HN10: =HJ10+HL10 -> 162156.01 | HO10: =HN10/1.18 -> 137420.35 | HP10: =HN10/$HN$1 -> 0.019359852 | HQ10: 2547 | HR10: 44 | HS10: 158572 | HT10: =HS10/$HS$1 -> 0.016456848 | HU10: =J10*HM10 -> 72785.452 | HV10: 45 | HW10: 166619 | HX10: 0 | HY10: 0 | HZ10: =HV10+HX10 -> 45 | IA10: =HW10+HY10 -> 166619 | IB10: =IA10/1.18 -> 141202.54 | IC10: =IA10/$IA$1 -> 0.013583578 | ID10: 1412 | IE10: 44 | IF10: 156838 | IG10: =IF10/$IF$1 -> 0.086810589 | IH10: =IY10*HZ10 -> 72785.452 | II10: 32 | IJ10: 118802 | IK10: 7 | IL10: 25893.023 | IM10: =II10+IK10 -> 39 | IN10: =IJ10+IL10 -> 144695.02 | IO10: =IN10/1.18 -> 122622.9 | IP10: =IN10/$IN$1 -> 0.015728839 | IQ10: 1844 | IR10: 18 | IS10: 62883 | IT10: =IS10/$IS$1 -> 0.060040445 | IU10: =IY10*IM10 -> 63080.725 | IV10: =E10 -> AA-21 | IW10: =A10 -> B0CF5TCQKL | IX10: =B10 -> FBA78975 | IY10: 1617.4545 | IZ10: 118 | JA10: =IZ10*IY10 -> 190859.63 | JB10: 129 | JC10: =JB10*IY10 -> 208651.63 | JD10: 0 | JE10: =JD10*IY10 -> 0 | JF10: 0 | JG10: =JF10*IY10 -> 0 | JH10: 0 | JI10: =JH10*IY10 -> 0 | JJ10: 0 | JK10: =JJ10*IY10 -> 0 | JL10: 300 | JM10: =JL10*IY10 -> 485236.35 | JN10: =IZ10+JB10+JH10+JD10+JF10+JJ10+JL10 -> 547 | JO10: =JN10*IY10 -> 884747.61 | JP10: =E10 -> AA-21 | JQ10: =C10 -> New | JR10: 1617.4545 | JS10: 31 | JT10: 113616.32 | JU10: 46 | JV10: 169229.06 | JW10: =JS10+JU10 -> 77 | JX10: =JT10+JV10 -> 282845.38 | JY10: =JX10/1.18 -> 239699.48 | JZ10: =JX10/$JX$1 -> 0.02571186 | KA10: 3127 | KB10: 18 | KC10: 62883 | KD10: =KC10/$IS$1 -> 0.060040445 | KE10: =KI10*JW10 -> 124544 | KF10: =E10 -> AA-21 | KG10: =A10 -> B0CF5TCQKL | KH10: =B10 -> FBA78975 | KI10: 1617.4545 | KJ10: 83 | KK10: =KJ10*KI10 -> 134248.72 | KL10: 30 | KM10: =KL10*KI10 -> 48523.635 | KN10: 0 | KO10: =KN10*KI10 -> 0 | KP10: 0 | KQ10: =KP10*KI10 -> 0 | KR10: 0 | KS10: =KR10*KI10 -> 0 | KT10: 0 | KU10: =KT10*KI10 -> 0 | KV10: 300 | KW10: =KV10*KI10 -> 485236.35 | KX10: =KJ10+KL10+KR10+KN10+KP10+KT10+KV10 -> 413 | KY10: =KX10*KI10 -> 668008.71 | KZ10: =E10 -> AA-21 | LA10: =C10 -> New | LB10: 1617.4545 | LC10: 14 | LD10: 52960 | LE10: 56 | LF10: 207144.14 | LG10: =LC10+LE10 -> 70 | LH10: =LD10+LF10 -> 260104.14 | LI10: =LH10/1.18 -> 220427.24 | LJ10: =LH10/$LH$1 -> 0.024053943 | LK10: 3206 | LL10: 18 | LM10: 62883 | LN10: =LM10/$IS$1 -> 0.060040445 | LO10: =LS10*LG10 -> 113221.81 | LP10: =E10 -> AA-21 | LQ10: =A10 -> B0CF5TCQKL | LR10: =B10 -> FBA78975 | LS10: 1617.4545 | LT10: 74 | LU10: =LT10*LS10 -> 119691.63 | LV10: 0 | LW10: =LV10*LS10 -> 0 | LX10: 0 | LY10: =LX10*LS10 -> 0 | LZ10: 0 | MA10: =LZ10*LS10 -> 0 | MB10: 300 | MC10: =MB10*LS10 -> 485236.35 | MD10: 0 | ME10: =MD10*LS10 -> 0 | MF10: 0 | MG10: =MF10*LS10 -> 0 | MH10: =LT10+LV10+MB10+LX10+LZ10+MD10+MF10 -> 374 | MI10: =MH10*LS10 -> 604927.98 | MJ10: =E10 -> AA-21 | MK10: New | ML10: 1617.4545 | MM10: 24 | MN10: 87443 | MO10: 52 | MP10: 190868.04 | MQ10: =MM10+MO10 -> 76 | MR10: =MN10+MP10 -> 278311.04 | MS10: =MR10/1.18 -> 235856.82 | MT10: =MR10/$MR$1 -> 0.020400886 | MU10: 6117 | MV10: 18 | MW10: 62883 | MX10: =MW10/$IS$1 -> 0.060040445 | MY10: =MQ10*NC10 -> 122926.54 | MZ10: =E10 -> AA-21 | NA10: =A10 -> B0CF5TCQKL | NB10: =B10 -> FBA78975 | NC10: =J10 -> 1617.4545 | ND10: 98 | NE10: =ND10*NC10 -> 158510.54 | NF10: 153 | NG10: =NF10*NC10 -> 247470.54 | NH10: 0 | NI10: =NH10*NC10 -> 0 | NJ10: 0 | NK10: =NJ10*NC10 -> 0 | NL10: 0 | NM10: =NL10*NC10 -> 0 | NN10: 0 | NO10: =NN10*NC10 -> 0 | NP10: 0 | NQ10: =NP10*NC10 -> 0 | NR10: =ND10+NF10+NL10+NH10+NJ10+NN10+NP10 -> 251 | NS10: =NR10*NC10 -> 405981.08 | NT10: 95 | NU10: =E10 -> AA-21 | NV10: New | NW10: 1617.4545 | NX10: 4 | NY10: 15292 | NZ10: 87 | OA10: 318639 | OB10: =NX10+NZ10 -> 91 | OC10: =NY10+OA10 -> 333931 | OD10: =OC10/1.18 -> 282992.37 | OE10: =OC10/$OC$1 -> 0.023399145 | OF10: 5393 | OG10: 18 | OH10: 62883 | OI10: =OH10/$IS$1 -> 0.060040445 | OJ10: =OB10*ON10 -> 147188.36 | OK10: =E10 -> AA-21 | OL10: =A10 -> B0CF5TCQKL | OM10: =B10 -> FBA78975 | ON10: =J10 -> 1617.4545 | OO10: 82 | OP10: =OO10*ON10 -> 132631.27 | OQ10: 5 | OR10: =OQ10*ON10 -> 8087.2725 | OS10: 0 | OT10: =OS10*ON10 -> 0 | OU10: 0 | OV10: =OU10*ON10 -> 0 | OW10: 0 | OX10: =OW10*ON10 -> 0 | OY10: 501 | OZ10: =OY10*ON10 -> 810344.7 | PA10: 0 | PB10: =PA10*ON10 -> 0 | PC10: =OO10+OQ10+OW10+OS10+OU10+OY10+PA10 -> 588 | PD10: =PC10*ON10 -> 951063.24 | PE10: 70 | PF10: =E10 -> AA-21 | PG10: New | PH10: 1617.4545 | PI10: 0 | PJ10: 0 | PK10: 88 | PL10: 320111.95 | PM10: =PI10+PK10 -> 88 | PN10: =PJ10+PL10 -> 320111.95 | PO10: =PN10/1.18 -> 271281.31 | PP10: =PN10/$PN$1 -> 0.01803267 | PQ10: 5063 | PR10: 18 | PS10: 62883 | PT10: =PS10/$IS$1 -> 0.060040445 | PU10: =PM10*PY10 -> 142336 | PV10: =E10 -> AA-21 | PW10: =A10 -> B0CF5TCQKL | PX10: =B10 -> FBA78975 | PY10: =J10 -> 1617.4545 | PZ10: 29 | QA10: =PZ10*PY10 -> 46906.18 | QC10: =QB10*PY10 -> 0 | QD10: 0 | QE10: =QD10*PY10 -> 0 | QF10: 0 | QG10: =QF10*PY10 -> 0 | QH10: 0 | QI10: =QH10*PY10 -> 0 | QJ10: 501 | QK10: =QJ10*PY10 -> 810344.7 | QL10: 0 | QM10: =QL10*PY10 -> 0 | QN10: =PZ10+QB10+QH10+QD10+QF10+QJ10+QL10 -> 530 | QO10: =QN10*PY10 -> 857250.88 | QP10: 0 | QQ10: =E10 -> AA-21 | QR10: New | QS10: 1617.4545 | QT10: 11 | QU10: 38609 | QV10: 92 | QW10: 329999 | QX10: =QT10+QV10 -> 103 | QY10: =QU10+QW10 -> 368608 | QZ10: =QY10/1.18 -> 312379.66 | RA10: =QY10/$QY$1 -> 0.019724449 | RB10: 4526 | RC10: 18 | RD10: 62883 | RE10: =RD10/$IS$1 -> 0.060040445 | RF10: =QX10*RJ10 -> 166597.81 | RG10: =E10 -> AA-21 | RH10: =A10 -> B0CF5TCQKL | RI10: =B10 -> FBA78975 | RJ10: =J10 -> 1617.4545 | RK10: 42 | RL10: =RK10*RJ10 -> 67933.089 | RM10: 316 | RN10: =RM10*RJ10 -> 511115.62 | RO10: 0 | RP10: =RO10*RJ10 -> 0 | RQ10: 0 | RR10: =RQ10*RJ10 -> 0 | RS10: 0 | RT10: =RS10*RJ10 -> 0 | RU10: 0 | RV10: =RU10*RJ10 -> 0 | RW10: 0 | RX10: =RW10*RJ10 -> 0 | RY10: =RK10+RM10+RS10+RO10+RQ10+RU10+RW10 -> 358 | RZ10: =RY10*RJ10 -> 579048.71 | SA10: 65 | SB10: =E10 -> AA-21 | SC10: New | SD10: =J10 -> 1617.4545 | SE10: 1 | SF10: 3921 | SG10: 92 | SH10: 340308 | SI10: =SE10+SG10 -> 93 | SJ10: =SF10+SH10 -> 344229 | SK10: =SJ10/1.18 -> 291719.49 | SL10: =SJ10/$SJ$1 -> 0.022052892 | SM10: 10408 | SN10: 18 | SO10: 62883 | SP10: =SO10/$IS$1 -> 0.060040445 | SQ10: =SI10*SU10 -> 150423.27 | SR10: =E10 -> AA-21 | SS10: =A10 -> B0CF5TCQKL | ST10: =B10 -> FBA78975 | SU10: =J10 -> 1617.4545 | SV10: 50 | SW10: =SV10*SU10 -> 80872.725 | SX10: 176 | SY10: =SX10*SU10 -> 284671.99 | SZ10: 0 | TA10: =SZ10*SU10 -> 0 | TB10: 0 | TC10: =TB10*SU10 -> 0 | TD10: 0 | TE10: =TD10*SU10 -> 0 | TF10: 0 | TG10: =TF10*SU10 -> 0 | TH10: 402 | TI10: =TH10*SU10 -> 650216.71 | TJ10: =SV10+SX10+TD10+SZ10+TB10+TF10+TH10 -> 628 | TK10: =TJ10*SU10 -> 1015761.4 | TL10: 96 | TM10: =E10 -> AA-21 | TN10: Head | TO10: =J10 -> 1617.4545 | TP10: 0 | TQ10: 0 | TR10: 84 | TS10: 310955.82 | TT10: =TP10+TR10 -> 84 | TU10: =TQ10+TS10 -> 310955.82 | TV10: =TU10/1.18 -> 263521.88 | TW10: =TU10/$TU$1 -> 0.018365291 | TX10: 7722 | TY10: 18 | TZ10: 62883 | UA10: =TZ10/$IS$1 -> 0.060040445 | UB10: =TT10*J10 -> 135866.18 | UC10: =E10 -> AA-21 | UD10: =A10 -> B0CF5TCQKL | UE10: =B10 -> FBA78975 | UF10: =J10 -> 1617.4545 | UG10: 34 | UH10: =UG10*J10 -> 54993.453 | UI10: 80 | UJ10: =UI10*J10 -> 129396.36 | UK10: 0 | UL10: =UK10*J10 -> 0 | UM10: 0 | UN10: =UM10*J10 -> 0 | UO10: 0 | UP10: =UO10*J10 -> 0 | UQ10: 0 | UR10: =UQ10*J10 -> 0 | US10: 402 | UT10: =US10*J10 -> 650216.71 | UU10: =UG10+UI10+UO10+UK10+UM10+UQ10+US10 -> 516 | UV10: =UU10*J10 -> 834606.52 | UW10: 140 | UX10: =E10 -> AA-21 | UY10: Head | UZ10: =J10 -> 1617.4545 | VA10: 4 | VB10: 15016 | VC10: 101 | VD10: 368198.92 | VE10: =VA10+VC10 -> 105 | VF10: =VB10+VD10 -> 383214.92 | VG10: =VF10/1.18 -> 324758.4 | VH10: =VF10/$VF$1 -> 0.022905218 | VI10: 13677 | VJ10: 18 | VK10: 62883 | VL10: =VK10/$IS$1 -> 0.060040445 | VM10: =VE10*J10 -> 169832.72 | VN10: =E10 -> AA-21 | VO10: =A10 -> B0CF5TCQKL | VP10: =B10 -> FBA78975 | VQ10: =J10 -> 1617.4545 | VR10: 25 | VS10: =VR10*J10 -> 40436.362 | VT10: 11 | VU10: =VT10*J10 -> 17791.999 | VV10: 0 | VW10: =VV10*J10 -> 0 | VX10: 0 | VY10: =VX10*J10 -> 0 | VZ10: 402 | WA10: =VZ10*J10 -> 650216.71 | WB10: 0 | WC10: =WB10*J10 -> 0 | WD10: 0 | WE10: =WD10*J10 -> 0 | WF10: =VR10+VT10+VZ10+VV10+VX10+WB10+WD10 -> 438 | WG10: =WF10*J10 -> 708445.07 | WH10: 66 | WI10: =E10 -> AA-21 | WJ10: Head | WK10: =J10 -> 1617.4545
A11: B0CF5R3V95 | B11: FBA78973 | C11: New | D11: Audio Array | E11: AA-19 | F11: To be launched | G11: MDS15-2 | H11: Microphone Accessories | I11: Accessories | J11: 1783.6894 | K11: Lumi (Kim) | L11: 0 | M11: 0 | N11: 0 | O11: 0 | P11: =M11+N11+O11 -> 0 | Q11: 0 | R11: 0 | S11: 0 | T11: 0 | U11: =R11+S11+T11 -> 0 | V11: 0 | W11: 0 | X11: 0 | Y11: 0 | Z11: =W11+X11+Y11 -> 0 | AA11: =Z11/$Z$1 -> 0 | AB11: 0 | AC11: 0 | AD11: 0 | AE11: 0 | AF11: =AC11+AD11+AE11 -> 0 | AG11: =AF11/$AF$1 -> 0 | AH11: 0 | AI11: 0 | AJ11: 0 | AK11: 0 | AL11: =AI11+AJ11+AK11 -> 0 | AM11: =AL11/$AL$1 -> 0 | AN11: 1 | AO11: 0 | AP11: 0 | AQ11: =AO11+AP11 -> 0 | AR11: =AQ11*#REF! -> #REF! | AS11: =AR11/$AR$1 -> #REF! | AT11: 0.9565 | AU11: 0 | AV11: 9 | AW11: =AU11+AV11 -> 9 | AX11: =AW11*#REF! -> #REF! | AY11: =AX11/$AX$1 -> #REF! | AZ11: 0.9986 | BA11: 0 | BB11: 14 | BC11: =BA11+BB11 -> 14 | BD11: =BC11*#REF! -> #REF! | BE11: =BD11/$BD$1 -> #REF! | BF11: 0.9989 | BG11: 0 | BH11: 22 | BI11: =BG11+BH11 -> 22 | BJ11: =BI11*#REF! -> #REF! | BK11: =BJ11/$BJ$1 -> #REF! | BL11: 0.9972 | BM11: 0 | BN11: 34 | BO11: =BM11+BN11 -> 34 | BP11: =BO11*#REF! -> #REF! | BQ11: =BP11/$BP$1 -> #REF! | BR11: 0.9981 | BS11: 0 | BT11: 10 | BU11: 40990 | BV11: 0 | BW11: 0 | BX11: 1 | BY11: 2199 | BZ11: =BS11+BT11+BX11+BV11 -> 11 | CA11: =BY11+BU11+BW11 -> 43189 | CB11: =CA11/$CA$1 -> 0.005278364 | CC11: =BZ11*#REF! -> #REF! | CD11: 0 | CE11: 0 | CF11: 0 | CG11: 0 | CH11: 0 | CI11: 0 | CJ11: =CD11+CH11+CF11 -> 0 | CK11: =CI11+CE11+CG11 -> 0 | CL11: =CK11/$CK$1 -> 0 | CM11: =CJ11*#REF! -> #REF! | CN11: 0 | CO11: 0 | CP11: 0 | CQ11: 0 | CR11: 0 | CS11: 0 | CT11: =CN11+CR11+CP11 -> 0 | CU11: =CS11+CO11+CQ11 -> 0 | CV11: =CU11/$CU$1 -> 0 | CW11: =CT11*#REF! -> #REF! | CX11: 0 | CY11: 0 | CZ11: 0 | DA11: 0 | DB11: =CX11+CZ11 -> 0 | DC11: =CY11+DA11 -> 0 | DD11: =DC11/$DC$1 -> 0 | DE11: 0 | DF11: 0 | DG11: 0 | DH11: =DB11*#REF! -> #REF! | DI11: 23 | DJ11: 93026 | DK11: 0 | DL11: 0 | DM11: =DI11+DK11 -> 23 | DN11: =DJ11+DL11 -> 93026 | DO11: =DN11/1.18 -> 78835.593 | DP11: =DN11/$DN$1 -> 0.010655 | DQ11: 756 | DR11: 23 | DS11: 93077 | DT11: =DS11/$DS$1 -> 0.0092911591 | DU11: =DM11*#REF! -> #REF! | DV11: =(DR11-DF11)/DF11 -> #DIV/0! | DW11: =(DM11-DB11)/DB11 -> #DIV/0! | DX11: 3534.18 | DY11: 12 | DZ11: 42335.59 | EA11: =DX11/DZ11 -> 0.083480117 | EB11: =DX11/DO11 -> 0.044829751 | EC11: - | ED11: - | EE11: 30 | EF11: 120214 | EG11: 0 | EH11: 0 | EI11: =EE11+EG11 -> 30 | EJ11: =EF11+EH11 -> 120214 | EK11: =EJ11/1.18 -> 101876.27 | EL11: =EJ11/$EJ$1 -> 0.012197498 | EM11: 1315 | EN11: 33 | EO11: 132259 | EP11: =EO11/$EO$1 -> 0.011678537 | EQ11: =EI11*#REF! -> #REF! | ER11: =(EN11-DR11)/DR11 -> 0.43478261 | ES11: =(EI11-DM11)/DM11 -> 0.30434783 | EV11: 64 | EW11: 243233 | EX11: 0 | EY11: 0 | EZ11: =EV11+EX11 -> 64 | FA11: =EW11+EY11 -> 243233 | FB11: =FA11/1.18 -> 206129.66 | FC11: =FA11/$FA$1 -> 0.023749864 | FD11: 1775 | FE11: 76 | FF11: 288324 | FG11: =FF11/$FF$1 -> 0.021937117 | FH11: =EZ11*#REF! -> #REF! | FI11: 55 | FJ11: 202803 | FK11: 0 | FL11: 0 | FM11: =FI11+FK11 -> 55 | FN11: =FJ11+FL11 -> 202803 | FO11: =FN11/1.18 -> 171866.95 | FP11: =FN11/$FN$1 -> 0.015648899 | FQ11: 1667 | FR11: 67 | FS11: 247883 | FT11: =FS11/$FS$1 -> 0.01472952 | FU11: =FM11*#REF! -> #REF! | FV11: 48 | FW11: 181421 | FX11: 0 | FY11: 0 | FZ11: =FV11+FX11 -> 48 | GA11: =FW11+FY11 -> 181421 | GB11: =GA11/1.18 -> 153746.61 | GC11: =GA11/$GA$1 -> 0.016667683 | GD11: 1626 | GE11: 59 | GF11: 223641 | GG11: =GF11/$GF$1 -> 0.018181675 | GH11: =J11*FZ11 -> 85617.089 | GI11: 50 | GJ11: 189697 | GM11: =GI11+GK11 -> 50 | GN11: =GJ11+GL11 -> 189697 | GO11: =GN11/1.18 -> 160760.17 | GP11: =GN11/$GN$1 -> 0.021104237 | GQ11: 1900 | GR11: 70 | GS11: 265730 | GT11: =GS11/$GS$1 -> 0.025205642 | GU11: =J11*GM11 -> 89184.468 | GV11: 84 | GW11: 315899.34 | GZ11: =GV11+GX11 -> 84 | HA11: =GW11+GY11 -> 315899.34 | HB11: =HA11/1.18 -> 267711.31 | HC11: =HA11/$HA$1 -> 0.037892646 | HD11: 2950 | HE11: 106 | HF11: 396305 | HG11: =HF11/$HF$1 -> 0.034380105 | HH11: =J11*GZ11 -> 149829.91 | HI11: 71 | HJ11: 270074.59 | HM11: =HI11+HK11 -> 71 | HN11: =HJ11+HL11 -> 270074.59 | HO11: =HN11/1.18 -> 228876.77 | HP11: =HN11/$HN$1 -> 0.032244281 | HQ11: 1867 | HR11: 54 | HS11: 201347 | HT11: =HS11/$HS$1 -> 0.020896104 | HU11: =J11*HM11 -> 126641.94 | HV11: 18 | HW11: 68521 | HX11: 30 | HY11: 116970.1 | HZ11: =HV11+HX11 -> 48 | IA11: =HW11+HY11 -> 185491.1 | IB11: =IA11/1.18 -> 157195.84 | IC11: =IA11/$IA$1 -> 0.015122121 | ID11: 566 | IE11: 2 | IF11: 7876 | IG11: =IF11/$IF$1 -> 0.004359404 | IH11: =IY11*HZ11 -> 85617.089 | II11: 1 | IJ11: 3899 | IK11: 12 | IL11: 46788.038 | IM11: =II11+IK11 -> 13 | IN11: =IJ11+IL11 -> 50687.038 | IO11: =IN11/1.18 -> 42955.117 | IP11: =IN11/$IN$1 -> 0.0055098528 | IQ11: 727 | IR11: 0 | IS11: 0 | IT11: =IS11/$IS$1 -> 0 | IU11: =IY11*IM11 -> 23187.962 | IV11: =E11 -> AA-19 | IW11: =A11 -> B0CF5R3V95 | IX11: =B11 -> FBA78973 | IY11: 1783.6894 | IZ11: 63 | JA11: =IZ11*IY11 -> 112372.43 | JB11: 374 | JC11: =JB11*IY11 -> 667099.82 | JD11: 0 | JE11: =JD11*IY11 -> 0 | JF11: 0 | JG11: =JF11*IY11 -> 0 | JH11: 0 | JI11: =JH11*IY11 -> 0 | JJ11: 0 | JK11: =JJ11*IY11 -> 0 | JL11: 0 | JM11: =JL11*IY11 -> 0 | JN11: =IZ11+JB11+JH11+JD11+JF11+JJ11+JL11 -> 437 | JO11: =JN11*IY11 -> 779472.25 | JP11: =E11 -> AA-19 | JQ11: =C11 -> New | JR11: 1783.6894 | JS11: 1 | JT11: 3741.21 | JU11: 34 | JV11: 129925.99 | JW11: =JS11+JU11 -> 35 | JX11: =JT11+JV11 -> 133667.2 | JY11: =JX11/1.18 -> 113277.29 | JZ11: =JX11/$JX$1 -> 0.012150922 | KA11: 1566 | KB11: 0 | KC11: 0 | KD11: =KC11/$IS$1 -> 0 | KE11: =KI11*JW11 -> 62429.128 | KF11: =E11 -> AA-19 | KG11: =A11 -> B0CF5R3V95 | KH11: =B11 -> FBA78973 | KI11: 1783.6894 | KJ11: 42 | KK11: =KJ11*KI11 -> 74914.953 | KL11: 329 | KM11: =KL11*KI11 -> 586833.8 | KN11: 0 | KO11: =KN11*KI11 -> 0 | KP11: 0 | KQ11: =KP11*KI11 -> 0 | KR11: 0 | KS11: =KR11*KI11 -> 0 | KT11: 0 | KU11: =KT11*KI11 -> 0 | KV11: 0 | KW11: =KV11*KI11 -> 0 | KX11: =KJ11+KL11+KR11+KN11+KP11+KT11+KV11 -> 371 | KY11: =KX11*KI11 -> 661748.75 | KZ11: =E11 -> AA-19 | LA11: =C11 -> New | LB11: 1783.6894 | LC11: 0 | LD11: 0 | LE11: 40 | LF11: 155922.88 | LG11: =LC11+LE11 -> 40 | LH11: =LD11+LF11 -> 155922.88 | LI11: =LH11/1.18 -> 132138.03 | LJ11: =LH11/$LH$1 -> 0.014419455 | LK11: 1920 | LL11: 0 | LM11: 0 | LN11: =LM11/$IS$1 -> 0 | LO11: =LS11*LG11 -> 71347.574 | LP11: =E11 -> AA-19 | LQ11: =A11 -> B0CF5R3V95 | LR11: =B11 -> FBA78973 | LS11: 1783.6894 | LT11: 42 | LU11: =LT11*LS11 -> 74914.953 | LV11: 257 | LW11: =LV11*LS11 -> 458408.17 | LX11: 0 | LY11: =LX11*LS11 -> 0 | LZ11: 0 | MA11: =LZ11*LS11 -> 0 | MB11: 0 | MC11: =MB11*LS11 -> 0 | MD11: 0 | ME11: =MD11*LS11 -> 0 | MF11: 0 | MG11: =MF11*LS11 -> 0 | MH11: =LT11+LV11+MB11+LX11+LZ11+MD11+MF11 -> 299 | MI11: =MH11*LS11 -> 533323.12 | MJ11: =E11 -> AA-19 | MK11: New | ML11: 1783.6894 | MM11: 1 | MN11: 3977 | MO11: 62 | MP11: 238088.79 | MQ11: =MM11+MO11 -> 63 | MR11: =MN11+MP11 -> 242065.79 | MS11: =MR11/1.18 -> 205140.5 | MT11: =MR11/$MR$1 -> 0.01774402 | MU11: 2203 | MV11: 0 | MW11: 0 | MX11: =MW11/$IS$1 -> 0 | MY11: =MQ11*NC11 -> 112372.43 | MZ11: =E11 -> AA-19 | NA11: =A11 -> B0CF5R3V95 | NB11: =B11 -> FBA78973 | NC11: =J11 -> 1783.6894 | ND11: 84 | NE11: =ND11*NC11 -> 149829.91 | NF11: 221 | NG11: =NF11*NC11 -> 394195.35 | NH11: 0 | NI11: =NH11*NC11 -> 0 | NJ11: 0 | NK11: =NJ11*NC11 -> 0 | NL11: 0 | NM11: =NL11*NC11 -> 0 | NN11: 0 | NO11: =NN11*NC11 -> 0 | NP11: 0 | NQ11: =NP11*NC11 -> 0 | NR11: =ND11+NF11+NL11+NH11+NJ11+NN11+NP11 -> 305 | NS11: =NR11*NC11 -> 544025.26 | NT11: 41 | NU11: =E11 -> AA-19 | NV11: New | NW11: 1783.6894 | NX11: 1 | NY11: 4133 | NZ11: 56 | OA11: 215613 | OB11: =NX11+NZ11 -> 57 | OC11: =NY11+OA11 -> 219746 | OD11: =OC11/1.18 -> 186225.42 | OE11: =OC11/$OC$1 -> 0.015397997 | OF11: 1943 | OG11: 0 | OH11: 0 | OI11: =OH11/$IS$1 -> 0 | OJ11: =OB11*ON11 -> 101670.29 | OK11: =E11 -> AA-19 | OL11: =A11 -> B0CF5R3V95 | OM11: =B11 -> FBA78973 | ON11: =J11 -> 1783.6894 | OO11: 72 | OP11: =OO11*ON11 -> 128425.63 | OQ11: 11 | OR11: =OQ11*ON11 -> 19620.583 | OS11: 0 | OT11: =OS11*ON11 -> 0 | OU11: 0 | OV11: =OU11*ON11 -> 0 | OW11: 0 | OX11: =OW11*ON11 -> 0 | OY11: 504 | OZ11: =OY11*ON11 -> 898979.44 | PA11: 0 | PB11: =PA11*ON11 -> 0 | PC11: =OO11+OQ11+OW11+OS11+OU11+OY11+PA11 -> 587 | PD11: =PC11*ON11 -> 1047025.7 | PE11: 116 | PF11: =E11 -> AA-19 | PG11: New | PH11: 1783.6894 | PI11: 0 | PJ11: 0 | PK11: 62 | PL11: 231332.99 | PM11: =PI11+PK11 -> 62 | PN11: =PJ11+PL11 -> 231332.99 | PO11: =PN11/1.18 -> 196044.91 | PP11: =PN11/$PN$1 -> 0.01303154 | PQ11: 1898 | PR11: 0 | PS11: 0 | PT11: =PS11/$IS$1 -> 0 | PU11: =PM11*PY11 -> 110588.74 | PV11: =E11 -> AA-19 | PW11: =A11 -> B0CF5R3V95 | PX11: =B11 -> FBA78973 | PY11: =J11 -> 1783.6894 | PZ11: 42 | QA11: =PZ11*PY11 -> 74914.953 | QC11: =QB11*PY11 -> 0 | QD11: 0 | QE11: =QD11*PY11 -> 0 | QF11: 0 | QG11: =QF11*PY11 -> 0 | QH11: 0 | QI11: =QH11*PY11 -> 0 | QJ11: 504 | QK11: =QJ11*PY11 -> 898979.44 | QL11: 0 | QM11: =QL11*PY11 -> 0 | QN11: =PZ11+QB11+QH11+QD11+QF11+QJ11+QL11 -> 546 | QO11: =QN11*PY11 -> 973894.39 | QP11: 145 | QQ11: =E11 -> AA-19 | QR11: New | QS11: 1783.6894 | QT11: 1 | QU11: 4124 | QV11: 66 | QW11: 248635 | QX11: =QT11+QV11 -> 67 | QY11: =QU11+QW11 -> 252759 | QZ11: =QY11/1.18 -> 214202.54 | RA11: =QY11/$QY$1 -> 0.013525295 | RB11: 2043 | RC11: 0 | RD11: 0 | RE11: =RD11/$IS$1 -> 0 | RF11: =QX11*RJ11 -> 119507.19 | RG11: =E11 -> AA-19 | RH11: =A11 -> B0CF5R3V95 | RI11: =B11 -> FBA78973 | RJ11: =J11 -> 1783.6894 | RK11: 25 | RL11: =RK11*RJ11 -> 44592.234 | RM11: 542 | RN11: =RM11*RJ11 -> 966759.63 | RO11: 7 | RP11: =RO11*RJ11 -> 12485.826 | RQ11: 0 | RR11: =RQ11*RJ11 -> 0 | RS11: 0 | RT11: =RS11*RJ11 -> 0 | RU11: 0 | RV11: =RU11*RJ11 -> 0 | RW11: 0 | RX11: =RW11*RJ11 -> 0 | RY11: =RK11+RM11+RS11+RO11+RQ11+RU11+RW11 -> 574 | RZ11: =RY11*RJ11 -> 1023837.7 | SA11: 79 | SB11: =E11 -> AA-19 | SC11: New | SD11: =J11 -> 1783.6894 | SE11: 0 | SF11: 0 | SG11: 51 | SH11: 195076 | SI11: =SE11+SG11 -> 51 | SJ11: =SF11+SH11 -> 195076 | SK11: =SJ11/1.18 -> 165318.64 | SL11: =SJ11/$SJ$1 -> 0.012497465 | SM11: 4757 | SN11: 0 | SO11: 0 | SP11: =SO11/$IS$1 -> 0 | SQ11: =SI11*SU11 -> 90968.157 | SR11: =E11 -> AA-19 | SS11: =A11 -> B0CF5R3V95 | ST11: =B11 -> FBA78973 | SU11: =J11 -> 1783.6894 | SV11: 21 | SW11: =SV11*SU11 -> 37457.477 | SX11: 538 | SY11: =SX11*SU11 -> 959624.88 | SZ11: 7 | TA11: =SZ11*SU11 -> 12485.826 | TB11: 0 | TC11: =TB11*SU11 -> 0 | TD11: 0 | TE11: =TD11*SU11 -> 0 | TF11: 0 | TG11: =TF11*SU11 -> 0 | TH11: 0 | TI11: =TH11*SU11 -> 0 | TJ11: =SV11+SX11+TD11+SZ11+TB11+TF11+TH11 -> 566 | TK11: =TJ11*SU11 -> 1009568.2 | TL11: 52 | TM11: =E11 -> AA-19 | TN11: Medium | TO11: =J11 -> 1783.6894 | TP11: 1 | TQ11: 3899 | TR11: 57 | TS11: 212042.97 | TT11: =TP11+TR11 -> 58 | TU11: =TQ11+TS11 -> 215941.97 | TV11: =TU11/1.18 -> 183001.67 | TW11: =TU11/$TU$1 -> 0.0127537 | TX11: 5074 | TY11: 0 | TZ11: 0 | UA11: =TZ11/$IS$1 -> 0 | UB11: =TT11*J11 -> 103453.98 | UC11: =E11 -> AA-19 | UD11: =A11 -> B0CF5R3V95 | UE11: =B11 -> FBA78973 | UF11: =J11 -> 1783.6894 | UG11: 26 | UH11: =UG11*J11 -> 46375.923 | UI11: 457 | UJ11: =UI11*J11 -> 815146.04 | UK11: 7 | UL11: =UK11*J11 -> 12485.826 | UM11: 0 | UN11: =UM11*J11 -> 0 | UO11: 0 | UP11: =UO11*J11 -> 0 | UQ11: 0 | UR11: =UQ11*J11 -> 0 | US11: 0 | UT11: =US11*J11 -> 0 | UU11: =UG11+UI11+UO11+UK11+UM11+UQ11+US11 -> 490 | UV11: =UU11*J11 -> 874007.79 | UW11: 70 | UX11: =E11 -> AA-19 | UY11: Medium | UZ11: =J11 -> 1783.6894 | VA11: 15 | VB11: 52686 | VC11: 75 | VD11: 281758.09 | VE11: =VA11+VC11 -> 90 | VF11: =VB11+VD11 -> 334444.09 | VG11: =VF11/1.18 -> 283427.19 | VH11: =VF11/$VF$1 -> 0.019990126 | VI11: 4705 | VJ11: 0 | VK11: 0 | VL11: =VK11/$IS$1 -> 0 | VM11: =VE11*J11 -> 160532.04 | VN11: =E11 -> AA-19 | VO11: =A11 -> B0CF5R3V95 | VP11: =B11 -> FBA78973 | VQ11: =J11 -> 1783.6894 | VR11: 25 | VS11: =VR11*J11 -> 44592.234 | VT11: 348 | VU11: =VT11*J11 -> 620723.9 | VV11: 1 | VW11: =VV11*J11 -> 1783.6894 | VX11: 0 | VY11: =VX11*J11 -> 0 | VZ11: 0 | WA11: =VZ11*J11 -> 0 | WB11: 0 | WC11: =WB11*J11 -> 0 | WD11: 0 | WE11: =WD11*J11 -> 0 | WF11: =VR11+VT11+VZ11+VV11+VX11+WB11+WD11 -> 374 | WG11: =WF11*J11 -> 667099.82 | WH11: 94 | WI11: =E11 -> AA-19 | WJ11: Medium | WK11: =J11 -> 1783.6894
A12: B0CM9HYVDM | B12: FBA79109 | C12: Head | D12: Audio Array | E12: AM-W18 | F12: To be launched | G12: Y1 | H12: Speaker Karaoke | I12: Microphone with Speaker | J12: 546.99588 | K12: Zimhome (Lucas) | L12: 0 | M12: 0 | N12: 0 | O12: 0 | P12: =M12+N12+O12 -> 0 | Q12: 0 | R12: 0 | S12: 0 | T12: 0 | U12: =R12+S12+T12 -> 0 | V12: 0 | W12: 0 | X12: 0 | Y12: 0 | Z12: =W12+X12+Y12 -> 0 | AA12: =Z12/$Z$1 -> 0 | AB12: 0 | AC12: 0 | AD12: 0 | AE12: 0 | AF12: =AC12+AD12+AE12 -> 0 | AG12: =AF12/$AF$1 -> 0 | AH12: 0 | AI12: 0 | AJ12: 0 | AK12: 0 | AL12: =AI12+AJ12+AK12 -> 0 | AM12: =AL12/$AL$1 -> 0 | AN12: 0 | AO12: 0 | AP12: 0 | AQ12: =AO12+AP12 -> 0 | AR12: =AQ12*#REF! -> #REF! | AS12: =AR12/$AR$1 -> #REF! | AT12: 0 | AU12: 0 | AV12: 0 | AW12: =AU12+AV12 -> 0 | AX12: =AW12*#REF! -> #REF! | AY12: =AX12/$AX$1 -> #REF! | AZ12: 0 | BA12: 0 | BB12: 0 | BC12: =BA12+BB12 -> 0 | BD12: =BC12*#REF! -> #REF! | BE12: =BD12/$BD$1 -> #REF! | BF12: 0 | BG12: 0 | BH12: 0 | BI12: =BG12+BH12 -> 0 | BJ12: =BI12*#REF! -> #REF! | BK12: =BJ12/$BJ$1 -> #REF! | BL12: 0.2 | BM12: 0 | BN12: 0 | BO12: =BM12+BN12 -> 0 | BP12: =BO12*#REF! -> #REF! | BQ12: =BP12/$BP$1 -> #REF! | BR12: 0.9996 | BS12: 0 | BT12: 31 | BU12: 56307.32 | BV12: 0 | BW12: 0 | BX12: 0 | BY12: 0 | BZ12: =BS12+BT12+BX12+BV12 -> 31 | CA12: =BY12+BU12+BW12 -> 56307.32 | CB12: =CA12/$CA$1 -> 0.0068816256 | CC12: =BZ12*#REF! -> #REF! | CD12: 46 | CE12: 82866.74 | CF12: 0 | CG12: 0 | CH12: 3 | CI12: 3297 | CJ12: =CD12+CH12+CF12 -> 49 | CK12: =CI12+CE12+CG12 -> 86163.74 | CL12: =CK12/$CK$1 -> 0.01163044 | CM12: =CJ12*#REF! -> #REF! | CN12: 200 | CO12: 252969.96 | CP12: 0 | CQ12: 0 | CR12: 1 | CS12: 1799 | CT12: =CN12+CR12+CP12 -> 201 | CU12: =CS12+CO12+CQ12 -> 254768.96 | CV12: =CU12/$CU$1 -> 0.03600587 | CW12: =CT12*#REF! -> #REF! | CX12: 99 | CY12: 156397.28 | CZ12: 0 | DA12: 0 | DB12: =CX12+CZ12 -> 99 | DC12: =CY12+DA12 -> 156397.28 | DD12: =DC12/$DC$1 -> 0.020435633 | DE12: 3804 | DF12: 107 | DG12: 166495.7 | DH12: =DB12*#REF! -> #REF! | DI12: 55 | DJ12: 104548.64 | DK12: 0 | DL12: 0 | DM12: =DI12+DK12 -> 55 | DN12: =DJ12+DL12 -> 104548.64 | DO12: =DN12/1.18 -> 88600.542 | DP12: =DN12/$DN$1 -> 0.011974778 | DQ12: 3183 | DR12: 61 | DS12: 114280 | DT12: =DS12/$DS$1 -> 0.011407691 | DU12: =DM12*#REF! -> #REF! | DV12: =(DR12-DF12)/DF12 -> -0.42990654 | DW12: =(DM12-DB12)/DB12 -> -0.44444444 | DX12: 7624.69 | DY12: 20 | DZ12: 35677.94 | EA12: =DX12/DZ12 -> 0.21370881 | EB12: =DX12/DO12 -> 0.086056922 | EC12: Increase in Price | ED12: Once stock received, will update the deal price | EE12: 38 | EF12: 65266 | EG12: 0 | EH12: 0 | EI12: =EE12+EG12 -> 38 | EJ12: =EF12+EH12 -> 65266 | EK12: =EJ12/1.18 -> 55310.169 | EL12: =EJ12/$EJ$1 -> 0.0066222064 | EM12: 1853 | EN12: 45 | EO12: 71142 | EP12: =EO12/$EO$1 -> 0.0062818748 | EQ12: =EI12*#REF! -> #REF! | ER12: =(EN12-DR12)/DR12 -> -0.26229508 | ES12: =(EI12-DM12)/DM12 -> -0.30909091 | EV12: 166 | EW12: 238991 | EX12: 4 | EY12: 5996 | EZ12: =EV12+EX12 -> 170 | FA12: =EW12+EY12 -> 244987 | FB12: =FA12/1.18 -> 207616.1 | FC12: =FA12/$FA$1 -> 0.023921128 | FD12: 5656 | FE12: 199 | FF12: 279305 | FG12: =FF12/$FF$1 -> 0.021250907 | FH12: =EZ12*#REF! -> #REF! | FI12: 229 | FJ12: 289899 | FK12: 0 | FL12: 0 | FM12: =FI12+FK12 -> 229 | FN12: =FJ12+FL12 -> 289899 | FO12: =FN12/1.18 -> 245677.12 | FP12: =FN12/$FN$1 -> 0.022369493 | FQ12: 6827 | FR12: 282 | FS12: 354848 | FT12: =FS12/$FS$1 -> 0.021085514 | FU12: =FM12*#REF! -> #REF! | FV12: 262 | FW12: 337613 | FX12: 0 | FY12: 0 | FZ12: =FV12+FX12 -> 262 | GA12: =FW12+FY12 -> 337613 | GB12: =GA12/1.18 -> 286112.71 | GC12: =GA12/$GA$1 -> 0.031017503 | GD12: 6831 | GE12: 290 | GF12: 366317 | GG12: =GF12/$GF$1 -> 0.029781018 | GH12: =J12*FZ12 -> 143312.92 | GI12: 377 | GJ12: 488710.34 | GM12: =GI12+GK12 -> 377 | GN12: =GJ12+GL12 -> 488710.34 | GO12: =GN12/1.18 -> 414161.31 | GP12: =GN12/$GN$1 -> 0.054370173 | GQ12: 9059 | GR12: 436 | GS12: 558011 | GT12: =GS12/$GS$1 -> 0.052929761 | GU12: =J12*GM12 -> 206217.45 | GV12: 292 | GW12: 377559.52 | GZ12: =GV12+GX12 -> 292 | HA12: =GW12+GY12 -> 377559.52 | HB12: =HA12/1.18 -> 319965.69 | HC12: =HA12/$HA$1 -> 0.045288886 | HD12: 6753 | HE12: 282 | HF12: 351461 | HG12: =HF12/$HF$1 -> 0.030489814 | HH12: =J12*GZ12 -> 159722.8 | HI12: 91 | HJ12: 120208.15 | HM12: =HI12+HK12 -> 91 | HN12: =HJ12+HL12 -> 120208.15 | HO12: =HN12/1.18 -> 101871.31 | HP12: =HN12/$HN$1 -> 0.014351685 | HQ12: 2826 | HR12: 96 | HS12: 126806 | HT12: =HS12/$HS$1 -> 0.013160123 | HU12: =J12*HM12 -> 49776.625 | HV12: 87 | HW12: 114021.9 | HX12: 0 | HY12: 0 | HZ12: =HV12+HX12 -> 87 | IA12: =HW12+HY12 -> 114021.9 | IB12: =IA12/1.18 -> 96628.729 | IC12: =IA12/$IA$1 -> 0.0092956107 | ID12: 2328 | IE12: 85 | IF12: 105310 | IG12: =IF12/$IF$1 -> 0.058289593 | IH12: =IY12*HZ12 -> 47588.642 | II12: 52 | IJ12: 67365.16 | IK12: 0 | IL12: 0 | IM12: =II12+IK12 -> 52 | IN12: =IJ12+IL12 -> 67365.16 | IO12: =IN12/1.18 -> 57089.119 | IP12: =IN12/$IN$1 -> 0.0073228211 | IQ12: 1997 | IR12: 27 | IS12: 35073 | IT12: =IS12/$IS$1 -> 0.033487565 | IU12: =IY12*IM12 -> 28443.786 | IV12: =E12 -> AM-W18 | IW12: =A12 -> B0CM9HYVDM | IX12: =B12 -> FBA79109 | IY12: 546.99588 | IZ12: 299 | JA12: =IZ12*IY12 -> 163551.77 | JB12: 1834 | JC12: =JB12*IY12 -> 1003190.4 | JD12: 0 | JE12: =JD12*IY12 -> 0 | JF12: 0 | JG12: =JF12*IY12 -> 0 | JH12: 0 | JI12: =JH12*IY12 -> 0 | JJ12: 0 | JK12: =JJ12*IY12 -> 0 | JL12: 0 | JM12: =JL12*IY12 -> 0 | JN12: =IZ12+JB12+JH12+JD12+JF12+JJ12+JL12 -> 2133 | JO12: =JN12*IY12 -> 1166742.2 | JP12: =E12 -> AM-W18 | JQ12: =C12 -> Head | JR12: 546.99588 | JS12: 51 | JT12: 63711.43 | JU12: 0 | JV12: 0 | JW12: =JS12+JU12 -> 51 | JX12: =JT12+JV12 -> 63711.43 | JY12: =JX12/1.18 -> 53992.737 | JZ12: =JX12/$JX$1 -> 0.0057916425 | KA12: 1216 | KB12: 27 | KC12: 35073 | KD12: =KC12/$IS$1 -> 0.033487565 | KE12: =KI12*JW12 -> 27896.79 | KF12: =E12 -> AM-W18 | KG12: =A12 -> B0CM9HYVDM | KH12: =B12 -> FBA79109 | KI12: 546.99588 | KJ12: 247 | KK12: =KJ12*KI12 -> 135107.98 | KL12: 1608 | KM12: =KL12*KI12 -> 879569.37 | KN12: 0 | KO12: =KN12*KI12 -> 0 | KP12: 0 | KQ12: =KP12*KI12 -> 0 | KR12: 0 | KS12: =KR12*KI12 -> 0 | KT12: 0 | KU12: =KT12*KI12 -> 0 | KV12: 0 | KW12: =KV12*KI12 -> 0 | KX12: =KJ12+KL12+KR12+KN12+KP12+KT12+KV12 -> 1855 | KY12: =KX12*KI12 -> 1014677.4 | KZ12: =E12 -> AM-W18 | LA12: =C12 -> Head | LB12: 546.99588 | LC12: 23 | LD12: 27676 | LE12: 150 | LF12: 179849.7 | LG12: =LC12+LE12 -> 173 | LH12: =LD12+LF12 -> 207525.7 | LI12: =LH12/1.18 -> 175869.24 | LJ12: =LH12/$LH$1 -> 0.019191587 | LK12: 4843 | LL12: 27 | LM12: 35073 | LN12: =LM12/$IS$1 -> 0.033487565 | LO12: =LS12*LG12 -> 94630.287 | LP12: =E12 -> AM-W18 | LQ12: =A12 -> B0CM9HYVDM | LR12: =B12 -> FBA79109 | LS12: 546.99588 | LT12: 48 | LU12: =LT12*LS12 -> 26255.802 | LV12: 1305 | LW12: =LV12*LS12 -> 713829.62 | LX12: 0 | LY12: =LX12*LS12 -> 0 | LZ12: 0 | MA12: =LZ12*LS12 -> 0 | MB12: 0 | MC12: =MB12*LS12 -> 0 | MD12: 0 | ME12: =MD12*LS12 -> 0 | MF12: 0 | MG12: =MF12*LS12 -> 0 | MH12: =LT12+LV12+MB12+LX12+LZ12+MD12+MF12 -> 1353 | MI12: =MH12*LS12 -> 740085.42 | MJ12: =E12 -> AM-W18 | MK12: Head | ML12: 546.99588 | MM12: 2 | MN12: 2545 | MO12: 195 | MP12: 233781.79 | MQ12: =MM12+MO12 -> 197 | MR12: =MN12+MP12 -> 236326.79 | MS12: =MR12/1.18 -> 200276.94 | MT12: =MR12/$MR$1 -> 0.017323337 | MU12: 5924 | MV12: 27 | MW12: 35073 | MX12: =MW12/$IS$1 -> 0.033487565 | MY12: =MQ12*NC12 -> 107758.19 | MZ12: =E12 -> AM-W18 | NA12: =A12 -> B0CM9HYVDM | NB12: =B12 -> FBA79109 | NC12: =J12 -> 546.99588 | ND12: 286 | NE12: =ND12*NC12 -> 156440.82 | NF12: 1225 | NG12: =NF12*NC12 -> 670069.95 | NH12: 176 | NI12: =NH12*NC12 -> 96271.275 | NJ12: 0 | NK12: =NJ12*NC12 -> 0 | NL12: 0 | NM12: =NL12*NC12 -> 0 | NN12: 0 | NO12: =NN12*NC12 -> 0 | NP12: 0 | NQ12: =NP12*NC12 -> 0 | NR12: =ND12+NF12+NL12+NH12+NJ12+NN12+NP12 -> 1687 | NS12: =NR12*NC12 -> 922782.05 | NT12: 103 | NU12: =E12 -> AM-W18 | NV12: Head | NW12: 546.99588 | NX12: 4 | NY12: 5084 | NZ12: 224 | OA12: 266649 | OB12: =NX12+NZ12 -> 228 | OC12: =NY12+OA12 -> 271733 | OD12: =OC12/1.18 -> 230282.2 | OE12: =OC12/$OC$1 -> 0.019040819 | OF12: 6776 | OG12: 27 | OH12: 35073 | OI12: =OH12/$IS$1 -> 0.033487565 | OJ12: =OB12*ON12 -> 124715.06 | OK12: =E12 -> AM-W18 | OL12: =A12 -> B0CM9HYVDM | OM12: =B12 -> FBA79109 | ON12: =J12 -> 546.99588 | OO12: 220 | OP12: =OO12*ON12 -> 120339.09 | OQ12: 702 | OR12: =OQ12*ON12 -> 383991.11 | OS12: 0 | OT12: =OS12*ON12 -> 0 | OU12: 0 | OV12: =OU12*ON12 -> 0 | OW12: 0 | OX12: =OW12*ON12 -> 0 | OY12: 0 | OZ12: =OY12*ON12 -> 0 | PA12: 0 | PB12: =PA12*ON12 -> 0 | PC12: =OO12+OQ12+OW12+OS12+OU12+OY12+PA12 -> 922 | PD12: =PC12*ON12 -> 504330.2 | PE12: 418 | PF12: =E12 -> AM-W18 | PG12: Head | PH12: 546.99588 | PI12: 0 | PJ12: 0 | PK12: 248 | PL12: 290326.02 | PM12: =PI12+PK12 -> 248 | PN12: =PJ12+PL12 -> 290326.02 | PO12: =PN12/1.18 -> 246039 | PP12: =PN12/$PN$1 -> 0.016354758 | PQ12: 8930 | PR12: 27 | PS12: 35073 | PT12: =PS12/$IS$1 -> 0.033487565 | PU12: =PM12*PY12 -> 135654.98 | PV12: =E12 -> AM-W18 | PW12: =A12 -> B0CM9HYVDM | PX12: =B12 -> FBA79109 | PY12: =J12 -> 546.99588 | PZ12: 209 | QA12: =PZ12*PY12 -> 114322.14 | QC12: =QB12*PY12 -> 0 | QD12: 0 | QE12: =QD12*PY12 -> 0 | QF12: 0 | QG12: =QF12*PY12 -> 0 | QH12: 0 | QI12: =QH12*PY12 -> 0 | QJ12: 0 | QK12: =QJ12*PY12 -> 0 | QL12: 0 | QM12: =QL12*PY12 -> 0 | QN12: =PZ12+QB12+QH12+QD12+QF12+QJ12+QL12 -> 209 | QO12: =QN12*PY12 -> 114322.14 | QP12: 302 | QQ12: =E12 -> AM-W18 | QR12: Head | QS12: 546.99588 | QT12: 6 | QU12: 7584 | QV12: 135 | QW12: 156105 | QX12: =QT12+QV12 -> 141 | QY12: =QU12+QW12 -> 163689 | QZ12: =QY12/1.18 -> 138719.49 | RA12: =QY12/$QY$1 -> 0.0087591028 | RB12: 4505 | RC12: 27 | RD12: 35073 | RE12: =RD12/$IS$1 -> 0.033487565 | RF12: =QX12*RJ12 -> 77126.419 | RG12: =E12 -> AM-W18 | RH12: =A12 -> B0CM9HYVDM | RI12: =B12 -> FBA79109 | RJ12: =J12 -> 546.99588 | RK12: 56 | RL12: =RK12*RJ12 -> 30631.769 | RM12: 676 | RN12: =RM12*RJ12 -> 369769.21 | RO12: 134 | RP12: =RO12*RJ12 -> 73297.448 | RQ12: 0 | RR12: =RQ12*RJ12 -> 0 | RS12: 0 | RT12: =RS12*RJ12 -> 0 | RU12: 0 | RV12: =RU12*RJ12 -> 0 | RW12: 0 | RX12: =RW12*RJ12 -> 0 | RY12: =RK12+RM12+RS12+RO12+RQ12+RU12+RW12 -> 866 | RZ12: =RY12*RJ12 -> 473698.43 | SA12: 198 | SB12: =E12 -> AM-W18 | SC12: Head | SD12: =J12 -> 546.99588 | SE12: 8 | SF12: 7532 | SG12: 160 | SH12: 191750 | SI12: =SE12+SG12 -> 168 | SJ12: =SF12+SH12 -> 199282 | SK12: =SJ12/1.18 -> 168883.05 | SL12: =SJ12/$SJ$1 -> 0.012766921 | SM12: 11351 | SN12: 27 | SO12: 35073 | SP12: =SO12/$IS$1 -> 0.033487565 | SQ12: =SI12*SU12 -> 91895.308 | SR12: =E12 -> AM-W18 | SS12: =A12 -> B0CM9HYVDM | ST12: =B12 -> FBA79109 | SU12: =J12 -> 546.99588 | SV12: 70 | SW12: =SV12*SU12 -> 38289.712 | SX12: 679 | SY12: =SX12*SU12 -> 371410.2 | SZ12: 134 | TA12: =SZ12*SU12 -> 73297.448 | TB12: 0 | TC12: =TB12*SU12 -> 0 | TD12: 0 | TE12: =TD12*SU12 -> 0 | TF12: 0 | TG12: =TF12*SU12 -> 0 | TH12: 0 | TI12: =TH12*SU12 -> 0 | TJ12: =SV12+SX12+TD12+SZ12+TB12+TF12+TH12 -> 883 | TK12: =TJ12*SU12 -> 482997.36 | TL12: 162 | TM12: =E12 -> AM-W18 | TN12: Head | TO12: =J12 -> 546.99588 | TP12: 28 | TQ12: 32204 | TR12: 224 | TS12: 266335.77 | TT12: =TP12+TR12 -> 252 | TU12: =TQ12+TS12 -> 298539.77 | TV12: =TU12/1.18 -> 252999.81 | TW12: =TU12/$TU$1 -> 0.01763199 | TX12: 12274 | TY12: 27 | TZ12: 35073 | UA12: =TZ12/$IS$1 -> 0.033487565 | UB12: =TT12*J12 -> 137842.96 | UC12: =E12 -> AM-W18 | UD12: =A12 -> B0CM9HYVDM | UE12: =B12 -> FBA79109 | UF12: =J12 -> 546.99588 | UG12: 60 | UH12: =UG12*J12 -> 32819.753 | UI12: 358 | UJ12: =UI12*J12 -> 195824.52 | UK12: 134 | UL12: =UK12*J12 -> 73297.448 | UM12: 0 | UN12: =UM12*J12 -> 0 | UO12: 0 | UP12: =UO12*J12 -> 0 | UQ12: 0 | UR12: =UQ12*J12 -> 0 | US12: 2010 | UT12: =US12*J12 -> 1099461.7 | UU12: =UG12+UI12+UO12+UK12+UM12+UQ12+US12 -> 2562 | UV12: =UU12*J12 -> 1401403.4 | UW12: 201 | UX12: =E12 -> AM-W18 | UY12: Head | UZ12: =J12 -> 546.99588 | VA12: 10 | VB12: 9617 | VC12: 259 | VD12: 304402.66 | VE12: =VA12+VC12 -> 269 | VF12: =VB12+VD12 -> 314019.66 | VG12: =VF12/1.18 -> 266118.36 | VH12: =VF12/$VF$1 -> 0.018769334 | VI12: 12108 | VJ12: 27 | VK12: 35073 | VL12: =VK12/$IS$1 -> 0.033487565 | VM12: =VE12*J12 -> 147141.89 | VN12: =E12 -> AM-W18 | VO12: =A12 -> B0CM9HYVDM | VP12: =B12 -> FBA79109 | VQ12: =J12 -> 546.99588 | VR12: 54 | VS12: =VR12*J12 -> 29537.777 | VT12: 141 | VU12: =VT12*J12 -> 77126.419 | VV12: 0 | VW12: =VV12*J12 -> 0 | VX12: 0 | VY12: =VX12*J12 -> 0 | VZ12: 2010 | WA12: =VZ12*J12 -> 1099461.7 | WB12: 0 | WC12: =WB12*J12 -> 0 | WD12: 0 | WE12: =WD12*J12 -> 0 | WF12: =VR12+VT12+VZ12+VV12+VX12+WB12+WD12 -> 2205 | WG12: =WF12*J12 -> 1206125.9 | WH12: 197 | WI12: =E12 -> AM-W18 | WJ12: Head | WK12: =J12 -> 546.99588
A13: B0B4G19R58 | B13: FBA75674 | C13: Medium | D13: Audio Array | E13: AM-C2 | F13: Longtail | G13: ZTX11 | H13: Microphone Condenser | I13: XLR Microphone Kit - Boomarm | J13: 1891.9307 | K13: Zimhome (Lucas) | L13: 0.1283 | M13: 5 | N13: 8 | O13: 1 | P13: =M13+N13+O13 -> 14 | Q13: 0.2381 | R13: 4 | S13: 12 | T13: 2 | U13: =R13+S13+T13 -> 18 | V13: 0.4501 | W13: 1 | X13: 12 | Y13: 8 | Z13: =W13+X13+Y13 -> 21 | AA13: =Z13/$Z$1 -> 0.01805675 | AB13: 0.9843 | AC13: 0 | AD13: 0 | AE13: 20 | AF13: =AC13+AD13+AE13 -> 20 | AG13: =AF13/$AF$1 -> 0.014914243 | AH13: 0.9898 | AI13: 0 | AJ13: 0 | AK13: 16 | AL13: =AI13+AJ13+AK13 -> 16 | AM13: =AL13/$AL$1 -> 0.013582343 | AN13: 0.9997 | AO13: 0 | AP13: 31 | AQ13: =AO13+AP13 -> 31 | AR13: =AQ13*#REF! -> #REF! | AS13: =AR13/$AR$1 -> #REF! | AT13: 0.9466 | AU13: 0 | AV13: 30 | AW13: =AU13+AV13 -> 30 | AX13: =AW13*#REF! -> #REF! | AY13: =AX13/$AX$1 -> #REF! | AZ13: 0.9752 | BA13: 0 | BB13: 31 | BC13: =BA13+BB13 -> 31 | BD13: =BC13*#REF! -> #REF! | BE13: =BD13/$BD$1 -> #REF! | BF13: 0.9979 | BG13: 0 | BH13: 36 | BI13: =BG13+BH13 -> 36 | BJ13: =BI13*#REF! -> #REF! | BK13: =BJ13/$BJ$1 -> #REF! | BL13: 0.9716 | BM13: 0 | BN13: 30 | BO13: =BM13+BN13 -> 30 | BP13: =BO13*#REF! -> #REF! | BQ13: =BP13/$BP$1 -> #REF! | BR13: 0.9566 | BS13: 0 | BT13: 32 | BU13: 128136 | BV13: 6 | BW13: 0 | BX13: 8 | BY13: 19992 | BZ13: =BS13+BT13+BX13+BV13 -> 46 | CA13: =BY13+BU13+BW13 -> 148128 | CB13: =CA13/$CA$1 -> 0.018103533 | CC13: =BZ13*#REF! -> #REF! | CD13: 26 | CE13: 104168 | CF13: 0 | CG13: 0 | CH13: 11 | CI13: 27489 | CJ13: =CD13+CH13+CF13 -> 37 | CK13: =CI13+CE13+CG13 -> 131657 | CL13: =CK13/$CK$1 -> 0.017771151 | CM13: =CJ13*#REF! -> #REF! | CN13: 23 | CO13: 91046 | CP13: 0 | CQ13: 0 | CR13: 1 | CS13: 3137 | CT13: =CN13+CR13+CP13 -> 24 | CU13: =CS13+CO13+CQ13 -> 94183 | CV13: =CU13/$CU$1 -> 0.013310651 | CW13: =CT13*#REF! -> #REF! | CX13: 49 | CY13: 195986.59 | CZ13: 0 | DA13: 0 | DB13: =CX13+CZ13 -> 49 | DC13: =CY13+DA13 -> 195986.59 | DD13: =DC13/$DC$1 -> 0.025608566 | DE13: 2331 | DF13: 56 | DG13: 223890 | DH13: =DB13*#REF! -> #REF! | DI13: 45 | DJ13: 177226.02 | DK13: 0 | DL13: 0 | DM13: =DI13+DK13 -> 45 | DN13: =DJ13+DL13 -> 177226.02 | DO13: =DN13/1.18 -> 150191.54 | DP13: =DN13/$DN$1 -> 0.020299091 | DQ13: 2900 | DR13: 50 | DS13: 193296 | DT13: =DS13/$DS$1 -> 0.019295249 | DU13: =DM13*#REF! -> #REF! | DV13: =(DR13-DF13)/DF13 -> -0.10714286 | DW13: =(DM13-DB13)/DB13 -> -0.081632653 | DX13: 12794.64 | DY13: 15 | DZ13: 39362.69 | EA13: =DX13/DZ13 -> 0.32504486 | EB13: =DX13/DO13 -> 0.085188818 | EC13: Low AMS CTR, SP KT low CTR | ED13: 1% Coupon,AMS recheck, compet. Product to be check | EE13: 52 | EF13: 199472.69 | EG13: 0 | EH13: 0 | EI13: =EE13+EG13 -> 52 | EJ13: =EF13+EH13 -> 199472.69 | EK13: =EJ13/1.18 -> 169044.65 | EL13: =EJ13/$EJ$1 -> 0.020239471 | EM13: 3343 | EN13: 63 | EO13: 233693 | EP13: =EO13/$EO$1 -> 0.020635211 | EQ13: =EI13*#REF! -> #REF! | ER13: =(EN13-DR13)/DR13 -> 0.26 | ES13: =(EI13-DM13)/DM13 -> 0.15555556 | EV13: 53 | EW13: 207656 | EX13: 0 | EY13: 0 | EZ13: =EV13+EX13 -> 53 | FA13: =EW13+EY13 -> 207656 | FB13: =FA13/1.18 -> 175979.66 | FC13: =FA13/$FA$1 -> 0.020276039 | FD13: 3502 | FE13: 75 | FF13: 282687 | FG13: =FF13/$FF$1 -> 0.021508226 | FH13: =EZ13*#REF! -> #REF! | FI13: 66 | FJ13: 245215.21 | FK13: 0 | FL13: 0 | FM13: =FI13+FK13 -> 66 | FN13: =FJ13+FL13 -> 245215.21 | FO13: =FN13/1.18 -> 207809.5 | FP13: =FN13/$FN$1 -> 0.018921555 | FQ13: 3710 | FR13: 86 | FS13: 318871 | FT13: =FS13/$FS$1 -> 0.018947716 | FU13: =FM13*#REF! -> #REF! | FV13: 56 | FW13: 220823 | FX13: 0 | FY13: 0 | FZ13: =FV13+FX13 -> 56 | GA13: =FW13+FY13 -> 220823 | GB13: =GA13/1.18 -> 187138.14 | GC13: =GA13/$GA$1 -> 0.020287661 | GD13: 2738 | GE13: 58 | GF13: 223764 | GG13: =GF13/$GF$1 -> 0.018191675 | GH13: =J13*FZ13 -> 105948.12 | GI13: 29 | GJ13: 115620 | GM13: =GI13+GK13 -> 29 | GN13: =GJ13+GL13 -> 115620 | GO13: =GN13/1.18 -> 97983.051 | GP13: =GN13/$GN$1 -> 0.012862996 | GQ13: 2099 | GR13: 30 | GS13: 115821 | GT13: =GS13/$GS$1 -> 0.010986124 | GU13: =J13*GM13 -> 54865.99 | GV13: 35 | GW13: 136647.55 | GZ13: =GV13+GX13 -> 35 | HA13: =GW13+GY13 -> 136647.55 | HB13: =HA13/1.18 -> 115803.01 | HC13: =HA13/$HA$1 -> 0.016391099 | HD13: 3315 | HE13: 57 | HF13: 220069 | HG13: =HF13/$HF$1 -> 0.019091344 | HH13: =J13*GZ13 -> 66217.574 | HI13: 52 | HJ13: 207509.71 | HM13: =HI13+HK13 -> 52 | HN13: =HJ13+HL13 -> 207509.71 | HO13: =HN13/1.18 -> 175855.69 | HP13: =HN13/$HN$1 -> 0.024774643 | HQ13: 3182 | HR13: 67 | HS13: 267933 | HT13: =HS13/$HS$1 -> 0.027806502 | HU13: =J13*HM13 -> 98380.395 | HV13: 27 | HW13: 108172 | HX13: 51 | HY13: 203948.82 | HZ13: =HV13+HX13 -> 78 | IA13: =HW13+HY13 -> 312120.82 | IB13: =IA13/1.18 -> 264509.17 | IC13: =IA13/$IA$1 -> 0.025445582 | ID13: 3008 | IE13: 8 | IF13: 28273 | IG13: =IF13/$IF$1 -> 0.015649242 | IH13: =IY13*HZ13 -> 165370.21 | II13: 17 | IJ13: 68732 | IK13: 35 | IL13: 139964.87 | IM13: =II13+IK13 -> 52 | IN13: =IJ13+IL13 -> 208696.87 | IO13: =IN13/1.18 -> 176861.76 | IP13: =IN13/$IN$1 -> 0.022686057 | IQ13: 2447 | IR13: 15 | IS13: 60425 | IT13: =IS13/$IS$1 -> 0.057693556 | IU13: =IY13*IM13 -> 110246.81 | IV13: =E13 -> AM-C2 | IW13: =A13 -> B0B4G19R58 | IX13: =B13 -> FBA75674 | IY13: 2120.1309 | IZ13: 13 | JA13: =IZ13*IY13 -> 27561.701 | JB13: 0 | JC13: =JB13*IY13 -> 0 | JD13: 76 | JE13: =JD13*IY13 -> 161129.95 | JF13: 0 | JG13: =JF13*IY13 -> 0 | JH13: 0 | JI13: =JH13*IY13 -> 0 | JJ13: 500 | JK13: =JJ13*IY13 -> 1060065.4 | JL13: 0 | JM13: =JL13*IY13 -> 0 | JN13: =IZ13+JB13+JH13+JD13+JF13+JJ13+JL13 -> 589 | JO13: =JN13*IY13 -> 1248757.1 | JP13: =E13 -> AM-C2 | JQ13: =C13 -> Medium | JR13: 2120.1309 | JS13: 7 | JT13: 27115.01 | JU13: 8 | JV13: 31591.975 | JW13: =JS13+JU13 -> 15 | JX13: =JT13+JV13 -> 58706.985 | JY13: =JX13/1.18 -> 49751.682 | JZ13: =JX13/$JX$1 -> 0.0053367169 | KA13: 318 | KB13: 15 | KC13: 60425 | KD13: =KC13/$IS$1 -> 0.057693556 | KE13: =KI13*JW13 -> 31801.963 | KF13: =E13 -> AM-C2 | KG13: =A13 -> B0B4G19R58 | KH13: =B13 -> FBA75674 | KI13: 2120.1309 | KJ13: 19 | KK13: =KJ13*KI13 -> 40282.487 | KL13: 54 | KM13: =KL13*KI13 -> 114487.07 | KN13: 76 | KO13: =KN13*KI13 -> 161129.95 | KP13: 0 | KQ13: =KP13*KI13 -> 0 | KR13: 0 | KS13: =KR13*KI13 -> 0 | KT13: 500 | KU13: =KT13*KI13 -> 1060065.4 | KV13: 0 | KW13: =KV13*KI13 -> 0 | KX13: =KJ13+KL13+KR13+KN13+KP13+KT13+KV13 -> 649 | KY13: =KX13*KI13 -> 1375964.9 | KZ13: =E13 -> AM-C2 | LA13: =C13 -> Medium | LB13: 2120.1309 | LC13: 18 | LD13: 74166 | LE13: 11 | LF13: 43988.96 | LG13: =LC13+LE13 -> 29 | LH13: =LD13+LF13 -> 118154.96 | LI13: =LH13/1.18 -> 100131.32 | LJ13: =LH13/$LH$1 -> 0.010926749 | LK13: 1302 | LL13: 15 | LM13: 60425 | LN13: =LM13/$IS$1 -> 0.057693556 | LO13: =LS13*LG13 -> 54865.99 | LP13: =E13 -> AM-C2 | LQ13: =A13 -> B0B4G19R58 | LR13: =B13 -> FBA75674 | LS13: 1891.9307 | LT13: 30 | LU13: =LT13*LS13 -> 56757.92 | LV13: 7 | LW13: =LV13*LS13 -> 13243.515 | LX13: 20 | LY13: =LX13*LS13 -> 37838.613 | LZ13: 0 | MA13: =LZ13*LS13 -> 0 | MB13: 0 | MC13: =MB13*LS13 -> 0 | MD13: 500 | ME13: =MD13*LS13 -> 945965.34 | MF13: 0 | MG13: =MF13*LS13 -> 0 | MH13: =LT13+LV13+MB13+LX13+LZ13+MD13+MF13 -> 557 | MI13: =MH13*LS13 -> 1053805.4 | MJ13: =E13 -> AM-C2 | MK13: Medium | ML13: 1891.9307 | MM13: 32 | MN13: 128207 | MO13: 13 | MP13: 51986.953 | MQ13: =MM13+MO13 -> 45 | MR13: =MN13+MP13 -> 180193.95 | MS13: =MR13/1.18 -> 152706.74 | MT13: =MR13/$MR$1 -> 0.013208662 | MU13: 1483 | MV13: 15 | MW13: 60425 | MX13: =MW13/$IS$1 -> 0.057693556 | MY13: =MQ13*NC13 -> 85136.88 | MZ13: =E13 -> AM-C2 | NA13: =A13 -> B0B4G19R58 | NB13: =B13 -> FBA75674 | NC13: =J13 -> 1891.9307 | ND13: 48 | NE13: =ND13*NC13 -> 90812.672 | NF13: 0 | NG13: =NF13*NC13 -> 0 | NH13: 20 | NI13: =NH13*NC13 -> 37838.613 | NJ13: 0 | NK13: =NJ13*NC13 -> 0 | NL13: 0 | NM13: =NL13*NC13 -> 0 | NN13: 500 | NO13: =NN13*NC13 -> 945965.34 | NP13: 0 | NQ13: =NP13*NC13 -> 0 | NR13: =ND13+NF13+NL13+NH13+NJ13+NN13+NP13 -> 568 | NS13: =NR13*NC13 -> 1074616.6 | NT13: 5 | NU13: =E13 -> AM-C2 | NV13: Medium | NW13: 1891.9307 | NX13: 5 | NY13: 20235 | NZ13: 18 | OA13: 71795 | OB13: =NX13+NZ13 -> 23 | OC13: =NY13+OA13 -> 92030 | OD13: =OC13/1.18 -> 77991.525 | OE13: =OC13/$OC$1 -> 0.0064487073 | OF13: 955 | OG13: 15 | OH13: 60425 | OI13: =OH13/$IS$1 -> 0.057693556 | OJ13: =OB13*ON13 -> 43514.405 | OK13: =E13 -> AM-C2 | OL13: =A13 -> B0B4G19R58 | OM13: =B13 -> FBA75674 | ON13: =J13 -> 1891.9307 | OO13: 83 | OP13: =OO13*ON13 -> 157030.25 | OQ13: 337 | OR13: =OQ13*ON13 -> 637580.64 | OS13: 20 | OT13: =OS13*ON13 -> 37838.613 | OU13: 0 | OV13: =OU13*ON13 -> 0 | OW13: 0 | OX13: =OW13*ON13 -> 0 | OY13: 0 | OZ13: =OY13*ON13 -> 0 | PA13: 0 | PB13: =PA13*ON13 -> 0 | PC13: =OO13+OQ13+OW13+OS13+OU13+OY13+PA13 -> 440 | PD13: =PC13*ON13 -> 832449.5 | PE13: 11 | PF13: =E13 -> AM-C2 | PG13: Medium | PH13: 1891.9307 | PI13: 5 | PJ13: 20955 | PK13: 32 | PL13: 124569.04 | PM13: =PI13+PK13 -> 37 | PN13: =PJ13+PL13 -> 145524.04 | PO13: =PN13/1.18 -> 123325.45 | PP13: =PN13/$PN$1 -> 0.0081977163 | PQ13: 3117 | PR13: 15 | PS13: 60425 | PT13: =PS13/$IS$1 -> 0.057693556 | PU13: =PM13*PY13 -> 70001.435 | PV13: =E13 -> AM-C2 | PW13: =A13 -> B0B4G19R58 | PX13: =B13 -> FBA75674 | PY13: =J13 -> 1891.9307 | PZ13: 22 | QA13: =PZ13*PY13 -> 41622.475 | QC13: =QB13*PY13 -> 0 | QD13: 20 | QE13: =QD13*PY13 -> 37838.613 | QF13: 0 | QG13: =QF13*PY13 -> 0 | QH13: 0 | QI13: =QH13*PY13 -> 0 | QJ13: 0 | QK13: =QJ13*PY13 -> 0 | QL13: 0 | QM13: =QL13*PY13 -> 0 | QN13: =PZ13+QB13+QH13+QD13+QF13+QJ13+QL13 -> 42 | QO13: =QN13*PY13 -> 79461.088 | QP13: 67 | QQ13: =E13 -> AM-C2 | QR13: Medium | QS13: 1891.9307 | QT13: 21 | QU13: 84999 | QV13: 39 | QW13: 149551 | QX13: =QT13+QV13 -> 60 | QY13: =QU13+QW13 -> 234550 | QZ13: =QY13/1.18 -> 198771.19 | RA13: =QY13/$QY$1 -> 0.01255092 | RB13: 4467 | RC13: 15 | RD13: 60425 | RE13: =RD13/$IS$1 -> 0.057693556 | RF13: =QX13*RJ13 -> 113515.84 | RG13: =E13 -> AM-C2 | RH13: =A13 -> B0B4G19R58 | RI13: =B13 -> FBA75674 | RJ13: =J13 -> 1891.9307 | RK13: 49 | RL13: =RK13*RJ13 -> 92704.603 | RM13: 260 | RN13: =RM13*RJ13 -> 491901.97 | RO13: 0 | RP13: =RO13*RJ13 -> 0 | RQ13: 0 | RR13: =RQ13*RJ13 -> 0 | RS13: 0 | RT13: =RS13*RJ13 -> 0 | RU13: 0 | RV13: =RU13*RJ13 -> 0 | RW13: 0 | RX13: =RW13*RJ13 -> 0 | RY13: =RK13+RM13+RS13+RO13+RQ13+RU13+RW13 -> 309 | RZ13: =RY13*RJ13 -> 584606.58 | SA13: 32 | SB13: =E13 -> AM-C2 | SC13: Medium | SD13: =J13 -> 1891.9307 | SE13: 20 | SF13: 80384 | SG13: 48 | SH13: 183152 | SI13: =SE13+SG13 -> 68 | SJ13: =SF13+SH13 -> 263536 | SK13: =SJ13/1.18 -> 223335.59 | SL13: =SJ13/$SJ$1 -> 0.016883328 | SM13: 8042 | SN13: 15 | SO13: 60425 | SP13: =SO13/$IS$1 -> 0.057693556 | SQ13: =SI13*SU13 -> 128651.29 | SR13: =E13 -> AM-C2 | SS13: =A13 -> B0B4G19R58 | ST13: =B13 -> FBA75674 | SU13: =J13 -> 1891.9307 | SV13: 28 | SW13: =SV13*SU13 -> 52974.059 | SX13: 191 | SY13: =SX13*SU13 -> 361358.76 | SZ13: 0 | TA13: =SZ13*SU13 -> 0 | TB13: 0 | TC13: =TB13*SU13 -> 0 | TD13: 0 | TE13: =TD13*SU13 -> 0 | TF13: 0 | TG13: =TF13*SU13 -> 0 | TH13: 0 | TI13: =TH13*SU13 -> 0 | TJ13: =SV13+SX13+TD13+SZ13+TB13+TF13+TH13 -> 219 | TK13: =TJ13*SU13 -> 414332.82 | TL13: 42 | TM13: =E13 -> AM-C2 | TN13: Medium | TO13: =J13 -> 1891.9307 | TP13: 6 | TQ13: 19295 | TR13: 69 | TS13: 262130.91 | TT13: =TP13+TR13 -> 75 | TU13: =TQ13+TS13 -> 281425.91 | TV13: =TU13/1.18 -> 238496.53 | TW13: =TU13/$TU$1 -> 0.016621232 | TX13: 7395 | TY13: 15 | TZ13: 60425 | UA13: =TZ13/$IS$1 -> 0.057693556 | UB13: =TT13*J13 -> 141894.8 | UC13: =E13 -> AM-C2 | UD13: =A13 -> B0B4G19R58 | UE13: =B13 -> FBA75674 | UF13: =J13 -> 1891.9307 | UG13: 22 | UH13: =UG13*J13 -> 41622.475 | UI13: 86 | UJ13: =UI13*J13 -> 162706.04 | UK13: 0 | UL13: =UK13*J13 -> 0 | UM13: 0 | UN13: =UM13*J13 -> 0 | UO13: 0 | UP13: =UO13*J13 -> 0 | UQ13: 0 | UR13: =UQ13*J13 -> 0 | US13: 504 | UT13: =US13*J13 -> 953533.06 | UU13: =UG13+UI13+UO13+UK13+UM13+UQ13+US13 -> 612 | UV13: =UU13*J13 -> 1157861.6 | UW13: 55 | UX13: =E13 -> AM-C2 | UY13: Medium | UZ13: =J13 -> 1891.9307 | VA13: 7 | VB13: 26773 | VC13: 76 | VD13: 284492.03 | VE13: =VA13+VC13 -> 83 | VF13: =VB13+VD13 -> 311265.03 | VG13: =VF13/1.18 -> 263783.92 | VH13: =VF13/$VF$1 -> 0.018604686 | VI13: 3797 | VJ13: 15 | VK13: 60425 | VL13: =VK13/$IS$1 -> 0.057693556 | VM13: =VE13*J13 -> 157030.25 | VN13: =E13 -> AM-C2 | VO13: =A13 -> B0B4G19R58 | VP13: =B13 -> FBA75674 | VQ13: =J13 -> 1891.9307 | VR13: 14 | VS13: =VR13*J13 -> 26487.029 | VT13: 0 | VU13: =VT13*J13 -> 0 | VV13: 0 | VW13: =VV13*J13 -> 0 | VX13: 0 | VY13: =VX13*J13 -> 0 | VZ13: 504 | WA13: =VZ13*J13 -> 953533.06 | WB13: 0 | WC13: =WB13*J13 -> 0 | WD13: 0 | WE13: =WD13*J13 -> 0 | WF13: =VR13+VT13+VZ13+VV13+VX13+WB13+WD13 -> 518 | WG13: =WF13*J13 -> 980020.09 | WH13: 39 | WI13: =E13 -> AM-C2 | WJ13: Medium | WK13: =J13 -> 1891.9307
A14: B0FTVQQVDC | B14: FBA79904 | D14: Audio Array | E14: PB-10 (AM-C2+AI-04+AH-60-BL) | H14: Bundles | I14: PB-10 | J14: 4986.4676 | QT14: 0 | QU14: 0 | QV14: 0 | QW14: 0 | QX14: =QT14+QV14 -> 0 | QY14: =QU14+QW14 -> 0 | QZ14: =QY14/1.18 -> 0 | RA14: =QY14/$QY$1 -> 0 | RB14: 6 | RC14: 0 | RD14: 0 | RE14: =RD14/$IS$1 -> 0 | RF14: =QX14*RJ14 -> 0 | RG14: =E14 -> PB-10 (AM-C2+AI-04+AH-60-BL) | RH14: =A14 -> B0FTVQQVDC | RI14: =B14 -> FBA79904 | RJ14: =J14 -> 4986.4676 | RK14: 5 | RL14: =RK14*RJ14 -> 24932.338 | RM14: 0 | RN14: =RM14*RJ14 -> 0 | RO14: 0 | RP14: =RO14*RJ14 -> 0 | RQ14: 0 | RR14: =RQ14*RJ14 -> 0 | RS14: 0 | RT14: =RS14*RJ14 -> 0 | RU14: 0 | RV14: =RU14*RJ14 -> 0 | RW14: 0 | RX14: =RW14*RJ14 -> 0 | RY14: =RK14+RM14+RS14+RO14+RQ14+RU14+RW14 -> 5 | RZ14: =RY14*RJ14 -> 24932.338 | SA14: 0 | SB14: =E14 -> PB-10 (AM-C2+AI-04+AH-60-BL) | SC14: Bundle Pack | SD14: =J14 -> 4986.4676 | SE14: 0 | SF14: 0 | SG14: 1 | SH14: 10500 | SI14: =SE14+SG14 -> 1 | SJ14: =SF14+SH14 -> 10500 | SK14: =SJ14/1.18 -> 8898.3051 | SL14: =SJ14/$SJ$1 -> 0.00067267827 | SM14: 0 | SN14: 0 | SO14: 0 | SP14: =SO14/$IS$1 -> 0 | SQ14: =SI14*SU14 -> 4986.4676 | SR14: =E14 -> PB-10 (AM-C2+AI-04+AH-60-BL) | SS14: =A14 -> B0FTVQQVDC | ST14: =B14 -> FBA79904 | SU14: =J14 -> 4986.4676 | SV14: 0 | SW14: =SV14*SU14 -> 0 | SX14: 0 | SY14: =SX14*SU14 -> 0 | SZ14: 0 | TA14: =SZ14*SU14 -> 0 | TB14: 0 | TC14: =TB14*SU14 -> 0 | TD14: 0 | TE14: =TD14*SU14 -> 0 | TF14: 0 | TG14: =TF14*SU14 -> 0 | TH14: 0 | TI14: =TH14*SU14 -> 0 | TJ14: =SV14+SX14+TD14+SZ14+TB14+TF14+TH14 -> 0 | TK14: =TJ14*SU14 -> 0 | TL14: 9 | TM14: =E14 -> PB-10 (AM-C2+AI-04+AH-60-BL) | TN14: Bundle Pack | TO14: =J14 -> 4986.4676 | TP14: 0 | TQ14: 0 | TR14: 10 | TS14: 99990.002 | TT14: =TP14+TR14 -> 10 | TU14: =TQ14+TS14 -> 99990.002 | TV14: =TU14/1.18 -> 84737.29 | TW14: =TU14/$TU$1 -> 0.0059054869 | TX14: 0 | TY14: 0 | TZ14: 0 | UA14: =TZ14/$IS$1 -> 0 | UB14: =TT14*J14 -> 49864.676 | UC14: =E14 -> PB-10 (AM-C2+AI-04+AH-60-BL) | UD14: =A14 -> B0FTVQQVDC | UE14: =B14 -> FBA79904 | UF14: =J14 -> 4986.4676 | UG14: 3 | UH14: =UG14*J14 -> 14959.403 | UI14: 0 | UJ14: =UI14*J14 -> 0 | UK14: 0 | UL14: =UK14*J14 -> 0 | UM14: 0 | UN14: =UM14*J14 -> 0 | UO14: 0 | UP14: =UO14*J14 -> 0 | UQ14: 0 | UR14: =UQ14*J14 -> 0 | US14: 0 | UT14: =US14*J14 -> 0 | UU14: =UG14+UI14+UO14+UK14+UM14+UQ14+US14 -> 3 | UV14: =UU14*J14 -> 14959.403 | UW14: 0 | UX14: =E14 -> PB-10 (AM-C2+AI-04+AH-60-BL) | UY14: Bundle Pack | UZ14: =J14 -> 4986.4676 | VA14: 13 | VB14: 130823 | VC14: 17 | VD14: 165983 | VE14: =VA14+VC14 -> 30 | VF14: =VB14+VD14 -> 296806 | VG14: =VF14/1.18 -> 251530.51 | VH14: =VF14/$VF$1 -> 0.017740453 | VI14: 4073 | VJ14: 0 | VK14: 0 | VL14: =VK14/$IS$1 -> 0 | VM14: =VE14*J14 -> 149594.03 | VN14: =E14 -> PB-10 (AM-C2+AI-04+AH-60-BL) | VO14: =A14 -> B0FTVQQVDC | VP14: =B14 -> FBA79904 | VQ14: =J14 -> 4986.4676 | VR14: 21 | VS14: =VR14*J14 -> 104715.82 | VT14: 0 | VU14: =VT14*J14 -> 0 | VV14: 0 | VW14: =VV14*J14 -> 0 | VX14: 0 | VY14: =VX14*J14 -> 0 | VZ14: 0 | WA14: =VZ14*J14 -> 0 | WB14: 0 | WC14: =WB14*J14 -> 0 | WD14: 0 | WE14: =WD14*J14 -> 0 | WF14: =VR14+VT14+VZ14+VV14+VX14+WB14+WD14 -> 21 | WG14: =WF14*J14 -> 104715.82 | WH14: 0 | WI14: =E14 -> PB-10 (AM-C2+AI-04+AH-60-BL) | WJ14: Bundle Pack | WK14: =J14 -> 4986.4676
A15: B0CH4RNWJX | B15: FBA79011 | C15: New | D15: Audio Array | E15: AM-C43 | F15: To be launched | H15: Microphone Condenser | I15: XLR Microphone Kit - Boomarm | J15: 1163.821 | K15: Zimhome (Lucas) | L15: 0 | M15: 0 | N15: 0 | O15: 0 | P15: =M15+N15+O15 -> 0 | Q15: 0 | R15: 0 | S15: 0 | T15: 0 | U15: =R15+S15+T15 -> 0 | V15: 0 | W15: 0 | X15: 0 | Y15: 0 | Z15: =W15+X15+Y15 -> 0 | AA15: =Z15/$Z$1 -> 0 | AB15: 0 | AC15: 0 | AD15: 0 | AE15: 0 | AF15: =AC15+AD15+AE15 -> 0 | AG15: =AF15/$AF$1 -> 0 | AH15: 0 | AI15: 0 | AJ15: 0 | AK15: 0 | AL15: =AI15+AJ15+AK15 -> 0 | AM15: =AL15/$AL$1 -> 0 | AN15: 0 | AO15: 0 | AP15: 0 | AQ15: =AO15+AP15 -> 0 | AR15: =AQ15*#REF! -> #REF! | AS15: =AR15/$AR$1 -> #REF! | AT15: 0 | AU15: 0 | AV15: 0 | AW15: =AU15+AV15 -> 0 | AX15: =AW15*#REF! -> #REF! | AY15: =AX15/$AX$1 -> #REF! | AZ15: 0.9333 | BA15: 0 | BB15: 0 | BC15: =BA15+BB15 -> 0 | BD15: =BC15*#REF! -> #REF! | BE15: =BD15/$BD$1 -> #REF! | BF15: 1 | BG15: 0 | BH15: 7 | BI15: =BG15+BH15 -> 7 | BJ15: =BI15*#REF! -> #REF! | BK15: =BJ15/$BJ$1 -> #REF! | BL15: 0.9972 | BM15: 0 | BN15: 5 | BO15: =BM15+BN15 -> 5 | BP15: =BO15*#REF! -> #REF! | BQ15: =BP15/$BP$1 -> #REF! | BR15: 0.9076 | BS15: 0 | BT15: 12 | BU15: 29988 | BV15: 0 | BW15: 0 | BX15: 58 | BY15: 78242 | BZ15: =BS15+BT15+BX15+BV15 -> 70 | CA15: =BY15+BU15+BW15 -> 108230 | CB15: =CA15/$CA$1 -> 0.01322738 | CC15: =BZ15*#REF! -> #REF! | CD15: 18 | CE15: 45432 | CF15: 0 | CG15: 0 | CH15: 122 | CI15: 164578 | CJ15: =CD15+CH15+CF15 -> 140 | CK15: =CI15+CE15+CG15 -> 210010 | CL15: =CK15/$CK$1 -> 0.028347292 | CM15: =CJ15*#REF! -> #REF! | CN15: 23 | CO15: 58753.16 | CP15: 0 | CQ15: 0 | CR15: 1 | CS15: 2499 | CT15: =CN15+CR15+CP15 -> 24 | CU15: =CS15+CO15+CQ15 -> 61252.16 | CV15: =CU15/$CU$1 -> 0.0086566169 | CW15: =CT15*#REF! -> #REF! | CX15: 32 | CY15: 86257.24 | CZ15: 0 | DA15: 0 | DB15: =CX15+CZ15 -> 32 | DC15: =CY15+DA15 -> 86257.24 | DD15: =DC15/$DC$1 -> 0.011270793 | DE15: 2271 | DF15: 42 | DG15: 107480.08 | DH15: =DB15*#REF! -> #REF! | DI15: 39 | DJ15: 98284 | DK15: 0 | DL15: 0 | DM15: =DI15+DK15 -> 39 | DN15: =DJ15+DL15 -> 98284 | DO15: =DN15/1.18 -> 83291.525 | DP15: =DN15/$DN$1 -> 0.01125724 | DQ15: 2476 | DR15: 50 | DS15: 117631 | DT15: =DS15/$DS$1 -> 0.011742196 | DU15: =DM15*#REF! -> #REF! | DV15: =(DR15-DF15)/DF15 -> 0.19047619 | DW15: =(DM15-DB15)/DB15 -> 0.21875 | DX15: 16327.24 | DY15: 59 | DZ15: 126858.42 | EA15: =DX15/DZ15 -> 0.12870442 | EB15: =DX15/DO15 -> 0.19602522 | EC15: - | ED15: - | EE15: 55 | EF15: 135890.02 | EG15: 0 | EH15: 0 | EI15: =EE15+EG15 -> 55 | EJ15: =EF15+EH15 -> 135890.02 | EK15: =EJ15/1.18 -> 115161.03 | EL15: =EJ15/$EJ$1 -> 0.013788064 | EM15: 4471 | EN15: 82 | EO15: 190717 | EP15: =EO15/$EO$1 -> 0.016840408 | EQ15: =EI15*#REF! -> #REF! | ER15: =(EN15-DR15)/DR15 -> 0.64 | ES15: =(EI15-DM15)/DM15 -> 0.41025641 | EV15: 49 | EW15: 120529.62 | EX15: 0 | EY15: 0 | EZ15: =EV15+EX15 -> 49 | FA15: =EW15+EY15 -> 120529.62 | FB15: =FA15/1.18 -> 102143.75 | FC15: =FA15/$FA$1 -> 0.011768806 | FD15: 4518 | FE15: 94 | FF15: 206935 | FG15: =FF15/$FF$1 -> 0.015744639 | FH15: =EZ15*#REF! -> #REF! | FI15: 67 | FJ15: 150256.14 | FK15: 0 | FL15: 0 | FM15: =FI15+FK15 -> 67 | FN15: =FJ15+FL15 -> 150256.14 | FO15: =FN15/1.18 -> 127335.71 | FP15: =FN15/$FN$1 -> 0.011594223 | FQ15: 4872 | FR15: 94 | FS15: 193914 | FT15: =FS15/$FS$1 -> 0.011522614 | FU15: =FM15*#REF! -> #REF! | FV15: 49 | FW15: 119408.06 | FX15: 0 | FY15: 0 | FZ15: =FV15+FX15 -> 49 | GA15: =FW15+FY15 -> 119408.06 | GB15: =GA15/1.18 -> 101193.27 | GC15: =GA15/$GA$1 -> 0.010970371 | GD15: 3809 | GE15: 74 | GF15: 161335 | GG15: =GF15/$GF$1 -> 0.013116291 | GH15: =J15*FZ15 -> 57027.23 | GI15: 47 | GJ15: 116944.74 | GM15: =GI15+GK15 -> 47 | GN15: =GJ15+GL15 -> 116944.74 | GO15: =GN15/1.18 -> 99105.712 | GP15: =GN15/$GN$1 -> 0.013010377 | GQ15: 3152 | GR15: 56 | GS15: 132197 | GT15: =GS15/$GS$1 -> 0.012539458 | GU15: =J15*GM15 -> 54699.588 | GV15: 37 | GW15: 90698.1 | GZ15: =GV15+GX15 -> 37 | HA15: =GW15+GY15 -> 90698.1 | HB15: =HA15/1.18 -> 76862.797 | HC15: =HA15/$HA$1 -> 0.010879386 | HD15: 3945 | HE15: 64 | HF15: 140293 | HG15: =HF15/$HF$1 -> 0.012170646 | HH15: =J15*GZ15 -> 43061.378 | HI15: 32 | HJ15: 80194.02 | HM15: =HI15+HK15 -> 32 | HN15: =HJ15+HL15 -> 80194.02 | HO15: =HN15/1.18 -> 67961.034 | HP15: =HN15/$HN$1 -> 0.0095743866 | HQ15: 3570 | HR15: 68 | HS15: 162685 | HT15: =HS15/$HS$1 -> 0.016883702 | HU15: =J15*HM15 -> 37242.273 | HV15: 39 | HW15: 97958 | HX15: 75 | HY15: 187425.3 | HZ15: =HV15+HX15 -> 114 | IA15: =HW15+HY15 -> 285383.3 | IB15: =IA15/1.18 -> 241850.25 | IC15: =IA15/$IA$1 -> 0.023265812 | ID15: 5260 | IE15: 18 | IF15: 37910 | IG15: =IF15/$IF$1 -> 0.020983368 | IH15: =IY15*HZ15 -> 132675.6 | II15: 12 | IJ15: 30821 | IK15: 50 | IL15: 124950.2 | IM15: =II15+IK15 -> 62 | IN15: =IJ15+IL15 -> 155771.2 | IO15: =IN15/1.18 -> 132009.49 | IP15: =IN15/$IN$1 -> 0.016932857 | IQ15: 4011 | IR15: 12 | IS15: 28739 | IT15: =IS15/$IS$1 -> 0.027439886 | IU15: =IY15*IM15 -> 72156.903 | IV15: =E15 -> AM-C43 | IW15: =A15 -> B0CH4RNWJX | IX15: =B15 -> FBA79011 | IY15: 1163.821 | IZ15: 45 | JA15: =IZ15*IY15 -> 52371.946 | JB15: 37 | JC15: =JB15*IY15 -> 43061.378 | JD15: 59 | JE15: =JD15*IY15 -> 68665.44 | JF15: 0 | JG15: =JF15*IY15 -> 0 | JH15: 0 | JI15: =JH15*IY15 -> 0 | JJ15: 252 | JK15: =JJ15*IY15 -> 293282.9 | JL15: 0 | JM15: =JL15*IY15 -> 0 | JN15: =IZ15+JB15+JH15+JD15+JF15+JJ15+JL15 -> 393 | JO15: =JN15*IY15 -> 457381.66 | JP15: =E15 -> AM-C43 | JQ15: =C15 -> New | JR15: 1163.821 | JS15: 7 | JT15: 17576.58 | JU15: 63 | JV15: 156911.73 | JW15: =JS15+JU15 -> 70 | JX15: =JT15+JV15 -> 174488.31 | JY15: =JX15/1.18 -> 147871.45 | JZ15: =JX15/$JX$1 -> 0.015861736 | KA15: 3436 | KB15: 12 | KC15: 28739 | KD15: =KC15/$IS$1 -> 0.027439886 | KE15: =KI15*JW15 -> 81467.471 | KF15: =E15 -> AM-C43 | KG15: =A15 -> B0CH4RNWJX | KH15: =B15 -> FBA79011 | KI15: 1163.821 | KJ15: 43 | KK15: =KJ15*KI15 -> 50044.304 | KL15: 7 | KM15: =KL15*KI15 -> 8146.7471 | KN15: 59 | KO15: =KN15*KI15 -> 68665.44 | KP15: 0 | KQ15: =KP15*KI15 -> 0 | KR15: 0 | KS15: =KR15*KI15 -> 0 | KT15: 252 | KU15: =KT15*KI15 -> 293282.9 | KV15: 0 | KW15: =KV15*KI15 -> 0 | KX15: =KJ15+KL15+KR15+KN15+KP15+KT15+KV15 -> 361 | KY15: =KX15*KI15 -> 420139.39 | KZ15: =E15 -> AM-C43 | LA15: =C15 -> New | LB15: 1163.821 | LC15: 1 | LD15: 2600 | LE15: 66 | LF15: 168233.84 | LG15: =LC15+LE15 -> 67 | LH15: =LD15+LF15 -> 170833.84 | LI15: =LH15/1.18 -> 144774.44 | LJ15: =LH15/$LH$1 -> 0.015798393 | LK15: 3847 | LL15: 12 | LM15: 28739 | LN15: =LM15/$IS$1 -> 0.027439886 | LO15: =LS15*LG15 -> 77976.008 | LP15: =E15 -> AM-C43 | LQ15: =A15 -> B0CH4RNWJX | LR15: =B15 -> FBA79011 | LS15: 1163.821 | LT15: 41 | LU15: =LT15*LS15 -> 47716.662 | LV15: 152 | LW15: =LV15*LS15 -> 176900.8 | LX15: 3 | LY15: =LX15*LS15 -> 3491.4631 | LZ15: 0 | MA15: =LZ15*LS15 -> 0 | MB15: 0 | MC15: =MB15*LS15 -> 0 | MD15: 504 | ME15: =MD15*LS15 -> 586565.79 | MF15: 0 | MG15: =MF15*LS15 -> 0 | MH15: =LT15+LV15+MB15+LX15+LZ15+MD15+MF15 -> 700 | MI15: =MH15*LS15 -> 814674.71 | MJ15: =E15 -> AM-C43 | MK15: New | ML15: 1163.821 | MM15: 4 | MN15: 10175 | MO15: 117 | MP15: 289412.21 | MQ15: =MM15+MO15 -> 121 | MR15: =MN15+MP15 -> 299587.21 | MS15: =MR15/1.18 -> 253887.47 | MT15: =MR15/$MR$1 -> 0.021960482 | MU15: 6427 | MV15: 12 | MW15: 28739 | MX15: =MW15/$IS$1 -> 0.027439886 | MY15: =MQ15*NC15 -> 140822.34 | MZ15: =E15 -> AM-C43 | NA15: =A15 -> B0CH4RNWJX | NB15: =B15 -> FBA79011 | NC15: =J15 -> 1163.821 | ND15: 108 | NE15: =ND15*NC15 -> 125692.67 | NF15: 122 | NG15: =NF15*NC15 -> 141986.16 | NH15: 3 | NI15: =NH15*NC15 -> 3491.4631 | NJ15: 0 | NK15: =NJ15*NC15 -> 0 | NL15: 0 | NM15: =NL15*NC15 -> 0 | NN15: 504 | NO15: =NN15*NC15 -> 586565.79 | NP15: 0 | NQ15: =NP15*NC15 -> 0 | NR15: =ND15+NF15+NL15+NH15+NJ15+NN15+NP15 -> 737 | NS15: =NR15*NC15 -> 857736.09 | NT15: 27 | NU15: =E15 -> AM-C43 | NV15: New | NW15: 1163.821 | NX15: 8 | NY15: 19741 | NZ15: 111 | OA15: 274505 | OB15: =NX15+NZ15 -> 119 | OC15: =NY15+OA15 -> 294246 | OD15: =OC15/1.18 -> 249361.02 | OE15: =OC15/$OC$1 -> 0.020618346 | OF15: 7150 | OG15: 12 | OH15: 28739 | OI15: =OH15/$IS$1 -> 0.027439886 | OJ15: =OB15*ON15 -> 138494.7 | OK15: =E15 -> AM-C43 | OL15: =A15 -> B0CH4RNWJX | OM15: =B15 -> FBA79011 | ON15: =J15 -> 1163.821 | OO15: 104 | OP15: =OO15*ON15 -> 121037.39 | OQ15: 251 | OR15: =OQ15*ON15 -> 292119.08 | OS15: 3 | OT15: =OS15*ON15 -> 3491.4631 | OU15: 0 | OV15: =OU15*ON15 -> 0 | OW15: 0 | OX15: =OW15*ON15 -> 0 | OY15: 0 | OZ15: =OY15*ON15 -> 0 | PA15: 504 | PB15: =PA15*ON15 -> 586565.79 | PC15: =OO15+OQ15+OW15+OS15+OU15+OY15+PA15 -> 862 | PD15: =PC15*ON15 -> 1003213.7 | PE15: 135 | PF15: =E15 -> AM-C43 | PG15: New | PH15: 1163.821 | PI15: 5 | PJ15: 13245 | PK15: 116 | PL15: 280177.35 | PM15: =PI15+PK15 -> 121 | PN15: =PJ15+PL15 -> 293422.35 | PO15: =PN15/1.18 -> 248663.01 | PP15: =PN15/$PN$1 -> 0.016529181 | PQ15: 7384 | PR15: 12 | PS15: 28739 | PT15: =PS15/$IS$1 -> 0.027439886 | PU15: =PM15*PY15 -> 140822.34 | PV15: =E15 -> AM-C43 | PW15: =A15 -> B0CH4RNWJX | PX15: =B15 -> FBA79011 | PY15: =J15 -> 1163.821 | PZ15: 78 | QA15: =PZ15*PY15 -> 90778.04 | QC15: =QB15*PY15 -> 0 | QD15: 3 | QE15: =QD15*PY15 -> 3491.4631 | QF15: 0 | QG15: =QF15*PY15 -> 0 | QH15: 0 | QI15: =QH15*PY15 -> 0 | QJ15: 0 | QK15: =QJ15*PY15 -> 0 | QL15: 504 | QM15: =QL15*PY15 -> 586565.79 | QN15: =PZ15+QB15+QH15+QD15+QF15+QJ15+QL15 -> 585 | QO15: =QN15*PY15 -> 680835.3 | QP15: 119 | QQ15: =E15 -> AM-C43 | QR15: New | QS15: 1163.821 | QT15: 4 | QU15: 10136 | QV15: 112 | QW15: 271289 | QX15: =QT15+QV15 -> 116 | QY15: =QU15+QW15 -> 281425 | QZ15: =QY15/1.18 -> 238495.76 | RA15: =QY15/$QY$1 -> 0.015059231 | RB15: 5959 | RC15: 12 | RD15: 28739 | RE15: =RD15/$IS$1 -> 0.027439886 | RF15: =QX15*RJ15 -> 135003.24 | RG15: =E15 -> AM-C43 | RH15: =A15 -> B0CH4RNWJX | RI15: =B15 -> FBA79011 | RJ15: =J15 -> 1163.821 | RK15: 92 | RL15: =RK15*RJ15 -> 107071.53 | RM15: 626 | RN15: =RM15*RJ15 -> 728551.96 | RO15: 0 | RP15: =RO15*RJ15 -> 0 | RQ15: 0 | RR15: =RQ15*RJ15 -> 0 | RS15: 0 | RT15: =RS15*RJ15 -> 0 | RU15: 0 | RV15: =RU15*RJ15 -> 0 | RW15: 0 | RX15: =RW15*RJ15 -> 0 | RY15: =RK15+RM15+RS15+RO15+RQ15+RU15+RW15 -> 718 | RZ15: =RY15*RJ15 -> 835623.49 | SA15: 77 | SB15: =E15 -> AM-C43 | SC15: New | SD15: =J15 -> 1163.821 | SE15: 10 | SF15: 25640 | SG15: 114 | SH15: 284827 | SI15: =SE15+SG15 -> 124 | SJ15: =SF15+SH15 -> 310467 | SK15: =SJ15/1.18 -> 263107.63 | SL15: =SJ15/$SJ$1 -> 0.019889943 | SM15: 16832 | SN15: 12 | SO15: 28739 | SP15: =SO15/$IS$1 -> 0.027439886 | SQ15: =SI15*SU15 -> 144313.81 | SR15: =E15 -> AM-C43 | SS15: =A15 -> B0CH4RNWJX | ST15: =B15 -> FBA79011 | SU15: =J15 -> 1163.821 | SV15: 93 | SW15: =SV15*SU15 -> 108235.35 | SX15: 457 | SY15: =SX15*SU15 -> 531866.21 | SZ15: 0 | TA15: =SZ15*SU15 -> 0 | TB15: 0 | TC15: =TB15*SU15 -> 0 | TD15: 504 | TE15: =TD15*SU15 -> 586565.79 | TF15: 0 | TG15: =TF15*SU15 -> 0 | TH15: 0 | TI15: =TH15*SU15 -> 0 | TJ15: =SV15+SX15+TD15+SZ15+TB15+TF15+TH15 -> 1054 | TK15: =TJ15*SU15 -> 1226667.4 | TL15: 89 | TM15: =E15 -> AM-C43 | TN15: Head | TO15: =J15 -> 1163.821 | TP15: 0 | TQ15: 0 | TR15: 121 | TS15: 299400.05 | TT15: =TP15+TR15 -> 121 | TU15: =TQ15+TS15 -> 299400.05 | TV15: =TU15/1.18 -> 253728.86 | TW15: =TU15/$TU$1 -> 0.017682799 | TX15: 9419 | TY15: 12 | TZ15: 28739 | UA15: =TZ15/$IS$1 -> 0.027439886 | UB15: =TT15*J15 -> 140822.34 | UC15: =E15 -> AM-C43 | UD15: =A15 -> B0CH4RNWJX | UE15: =B15 -> FBA79011 | UF15: =J15 -> 1163.821 | UG15: 35 | UH15: =UG15*J15 -> 40733.736 | UI15: 853 | UJ15: =UI15*J15 -> 992739.33 | UK15: 0 | UL15: =UK15*J15 -> 0 | UM15: 0 | UN15: =UM15*J15 -> 0 | UO15: 504 | UP15: =UO15*J15 -> 586565.79 | UQ15: 0 | UR15: =UQ15*J15 -> 0 | US15: 0 | UT15: =US15*J15 -> 0 | UU15: =UG15+UI15+UO15+UK15+UM15+UQ15+US15 -> 1392 | UV15: =UU15*J15 -> 1620038.9 | UW15: 128 | UX15: =E15 -> AM-C43 | UY15: Head | UZ15: =J15 -> 1163.821 | VA15: 6 | VB15: 12445 | VC15: 110 | VD15: 271968.35 | VE15: =VA15+VC15 -> 116 | VF15: =VB15+VD15 -> 284413.35 | VG15: =VF15/1.18 -> 241028.26 | VH15: =VF15/$VF$1 -> 0.016999729 | VI15: 18663 | VJ15: 12 | VK15: 28739 | VL15: =VK15/$IS$1 -> 0.027439886 | VM15: =VE15*J15 -> 135003.24 | VN15: =E15 -> AM-C43 | VO15: =A15 -> B0CH4RNWJX | VP15: =B15 -> FBA79011 | VQ15: =J15 -> 1163.821 | VR15: 38 | VS15: =VR15*J15 -> 44225.199 | VT15: 673 | VU15: =VT15*J15 -> 783251.55 | VV15: 3 | VW15: =VV15*J15 -> 3491.4631 | VX15: 0 | VY15: =VX15*J15 -> 0 | VZ15: 0 | WA15: =VZ15*J15 -> 0 | WB15: 0 | WC15: =WB15*J15 -> 0 | WD15: 0 | WE15: =WD15*J15 -> 0 | WF15: =VR15+VT15+VZ15+VV15+VX15+WB15+WD15 -> 714 | WG15: =WF15*J15 -> 830968.21 | WH15: 111 | WI15: =E15 -> AM-C43 | WJ15: Head | WK15: =J15 -> 1163.821
A16: B0CKHVHVQ1 | B16: FBA79005 | C16: Head | D16: Audio Array | E16: AM-W45 | F16: Head | G16: CF22 | H16: Microphone Conference | I16: Wireless Conference Microphone | J16: 2595.3209 | K16: Sherwyn (Gsou) | L16: 0 | M16: 0 | N16: 0 | O16: 0 | P16: =M16+N16+O16 -> 0 | Q16: 0 | R16: 0 | S16: 0 | T16: 0 | U16: =R16+S16+T16 -> 0 | V16: 0 | W16: 0 | X16: 0 | Y16: 0 | Z16: =W16+X16+Y16 -> 0 | AA16: =Z16/$Z$1 -> 0 | AB16: 0 | AC16: 0 | AD16: 0 | AE16: 0 | AF16: =AC16+AD16+AE16 -> 0 | AG16: =AF16/$AF$1 -> 0 | AH16: 0 | AI16: 0 | AJ16: 0 | AK16: 0 | AL16: =AI16+AJ16+AK16 -> 0 | AM16: =AL16/$AL$1 -> 0 | AN16: 0 | AO16: 0 | AP16: 0 | AQ16: =AO16+AP16 -> 0 | AR16: =AQ16*#REF! -> #REF! | AS16: =AR16/$AR$1 -> #REF! | AT16: 0 | AU16: 0 | AV16: 0 | AW16: =AU16+AV16 -> 0 | AX16: =AW16*#REF! -> #REF! | AY16: =AX16/$AX$1 -> #REF! | AZ16: 0 | BA16: 0 | BB16: 2 | BC16: =BA16+BB16 -> 2 | BD16: =BC16*#REF! -> #REF! | BE16: =BD16/$BD$1 -> #REF! | BF16: 0.9995 | BG16: 0 | BH16: 89 | BI16: =BG16+BH16 -> 89 | BJ16: =BI16*#REF! -> #REF! | BK16: =BJ16/$BJ$1 -> #REF! | BL16: 0.9998 | BM16: 0 | BN16: 116 | BO16: =BM16+BN16 -> 116 | BP16: =BO16*#REF! -> #REF! | BQ16: =BP16/$BP$1 -> #REF! | BR16: 0.9981 | BS16: 0 | BT16: 149 | BU16: 712429.58 | BV16: 0 | BW16: 0 | BX16: 5 | BY16: 14995 | BZ16: =BS16+BT16+BX16+BV16 -> 154 | CA16: =BY16+BU16+BW16 -> 727424.58 | CB16: =CA16/$CA$1 -> 0.088902538 | CC16: =BZ16*#REF! -> #REF! | CD16: 148 | CE16: 785115.32 | CF16: 0 | CG16: 0 | CH16: 16 | CI16: 47984 | CJ16: =CD16+CH16+CF16 -> 164 | CK16: =CI16+CE16+CG16 -> 833099.32 | CL16: =CK16/$CK$1 -> 0.11245231 | CM16: =CJ16*#REF! -> #REF! | CN16: 193 | CO16: 1034063.2 | CP16: 0 | CQ16: 0 | CR16: 2 | CS16: 6503 | CT16: =CN16+CR16+CP16 -> 195 | CU16: =CS16+CO16+CQ16 -> 1040566.2 | CV16: =CU16/$CU$1 -> 0.14706066 | CW16: =CT16*#REF! -> #REF! | CX16: 173 | CY16: 950326.58 | CZ16: 0 | DA16: 0 | DB16: =CX16+CZ16 -> 173 | DC16: =CY16+DA16 -> 950326.58 | DD16: =DC16/$DC$1 -> 0.12417432 | DE16: 8008 | DF16: 186 | DG16: 988709 | DH16: =DB16*#REF! -> #REF! | DI16: 133 | DJ16: 706129.46 | DK16: 0 | DL16: 0 | DM16: =DI16+DK16 -> 133 | DN16: =DJ16+DL16 -> 706129.46 | DO16: =DN16/1.18 -> 598414.8 | DP16: =DN16/$DN$1 -> 0.080878564 | DQ16: 6697 | DR16: 155 | DS16: 785479.46 | DT16: =DS16/$DS$1 -> 0.078408357 | DU16: =DM16*#REF! -> #REF! | DV16: =(DR16-DF16)/DF16 -> -0.16666667 | DW16: =(DM16-DB16)/DB16 -> -0.23121387 | DX16: 12813.97 | DY16: 46 | DZ16: 181487.24 | EA16: =DX16/DZ16 -> 0.070605349 | EB16: =DX16/DO16 -> 0.02141319 | EC16: Due to OOS - 1st Week July | ED16: Deal price revision, Meta Promo., Replication & Customer issue/review | EE16: 213 | EF16: 1097592.3 | EG16: 0 | EH16: 0 | EI16: =EE16+EG16 -> 213 | EJ16: =EF16+EH16 -> 1097592.3 | EK16: =EJ16/1.18 -> 930162.94 | EL16: =EJ16/$EJ$1 -> 0.11136706 | EM16: 11658 | EN16: 230 | EO16: 1181351 | EP16: =EO16/$EO$1 -> 0.10431389 | EQ16: =EI16*#REF! -> #REF! | ER16: =(EN16-DR16)/DR16 -> 0.48387097 | ES16: =(EI16-DM16)/DM16 -> 0.60150376 | EV16: 171 | EW16: 886769.2 | EX16: 0 | EY16: 0 | EZ16: =EV16+EX16 -> 171 | FA16: =EW16+EY16 -> 886769.2 | FB16: =FA16/1.18 -> 751499.32 | FC16: =FA16/$FA$1 -> 0.086586308 | FD16: 11800 | FE16: 192 | FF16: 973753 | FG16: =FF16/$FF$1 -> 0.074087947 | FH16: =EZ16*#REF! -> #REF! | FI16: 212 | FJ16: 1058975.6 | FK16: 0 | FL16: 0 | FM16: =FI16+FK16 -> 212 | FN16: =FJ16+FL16 -> 1058975.6 | FO16: =FN16/1.18 -> 897436.97 | FP16: =FN16/$FN$1 -> 0.081713794 | FQ16: 10172 | FR16: 249 | FS16: 1211675 | FT16: =FS16/$FS$1 -> 0.071999252 | FU16: =FM16*#REF! -> #REF! | FV16: 158 | FW16: 789900.15 | FX16: 0 | FY16: 0 | FZ16: =FV16+FX16 -> 158 | GA16: =FW16+FY16 -> 789900.15 | GB16: =GA16/1.18 -> 669406.91 | GC16: =GA16/$GA$1 -> 0.072570459 | GD16: 9577 | GE16: 172 | GF16: 843318 | GG16: =GF16/$GF$1 -> 0.068560477 | GH16: =J16*FZ16 -> 410060.7 | GI16: 148 | GJ16: 740297.58 | GM16: =GI16+GK16 -> 148 | GN16: =GJ16+GL16 -> 740297.58 | GO16: =GN16/1.18 -> 627370.83 | GP16: =GN16/$GN$1 -> 0.082359844 | GQ16: 11161 | GR16: 160 | GS16: 796306 | GT16: =GS16/$GS$1 -> 0.075533074 | GU16: =J16*GM16 -> 384107.49 | GV16: 123 | GW16: 608983.52 | GZ16: =GV16+GX16 -> 123 | HA16: =GW16+GY16 -> 608983.52 | HB16: =HA16/1.18 -> 516087.73 | HC16: =HA16/$HA$1 -> 0.073048576 | HD16: 9679 | HE16: 164 | HF16: 809307 | HG16: =HF16/$HF$1 -> 0.070208701 | HH16: =J16*GZ16 -> 319224.47 | HI16: 128 | HJ16: 640269.06 | HM16: =HI16+HK16 -> 128 | HN16: =HJ16+HL16 -> 640269.06 | HO16: =HN16/1.18 -> 542600.9 | HP16: =HN16/$HN$1 -> 0.076441903 | HQ16: 7872 | HR16: 134 | HS16: 660688 | HT16: =HS16/$HS$1 -> 0.068567225 | HU16: =J16*HM16 -> 332201.07 | HV16: 39 | HW16: 198780 | HX16: 101 | HY16: 523649.04 | HZ16: =HV16+HX16 -> 140 | IA16: =HW16+HY16 -> 722429.04 | IB16: =IA16/1.18 -> 612228 | IC16: =IA16/$IA$1 -> 0.058895871 | ID16: 8309 | IE16: 11 | IF16: 53430 | IG16: =IF16/$IF$1 -> 0.029573763 | IH16: =IY16*HZ16 -> 361715.57 | II16: 3 | IJ16: 16010 | IK16: 92 | IL16: 482964.03 | IM16: =II16+IK16 -> 95 | IN16: =IJ16+IL16 -> 498974.03 | IO16: =IN16/1.18 -> 422859.35 | IP16: =IN16/$IN$1 -> 0.054240167 | IQ16: 4933 | IR16: 2 | IS16: 10708 | IT16: =IS16/$IS$1 -> 0.010223957 | IU16: =IY16*IM16 -> 245449.85 | IV16: =E16 -> AM-W45 | IW16: =A16 -> B0CKHVHVQ1 | IX16: =B16 -> FBA79005 | IY16: 2583.6827 | IZ16: 106 | JA16: =IZ16*IY16 -> 273870.36 | JB16: 902 | JC16: =JB16*IY16 -> 2330481.8 | JD16: 0 | JE16: =JD16*IY16 -> 0 | JF16: 0 | JG16: =JF16*IY16 -> 0 | JH16: 0 | JI16: =JH16*IY16 -> 0 | JJ16: 0 | JK16: =JJ16*IY16 -> 0 | JL16: 100 | JM16: =JL16*IY16 -> 258368.27 | JN16: =IZ16+JB16+JH16+JD16+JF16+JJ16+JL16 -> 1108 | JO16: =JN16*IY16 -> 2862720.4 | JP16: =E16 -> AM-W45 | JQ16: =C16 -> Head | JR16: 2583.6827 | JS16: 2 | JT16: 10121.14 | JU16: 94 | JV16: 483806.93 | JW16: =JS16+JU16 -> 96 | JX16: =JT16+JV16 -> 493928.07 | JY16: =JX16/1.18 -> 418583.11 | JZ16: =JX16/$JX$1 -> 0.044900182 | KA16: 3753 | KB16: 2 | KC16: 10708 | KD16: =KC16/$IS$1 -> 0.010223957 | KE16: =KI16*JW16 -> 248033.54 | KF16: =E16 -> AM-W45 | KG16: =A16 -> B0CKHVHVQ1 | KH16: =B16 -> FBA79005 | KI16: 2583.6827 | KJ16: 93 | KK16: =KJ16*KI16 -> 240282.49 | KL16: 650 | KM16: =KL16*KI16 -> 1679393.7 | KN16: 0 | KO16: =KN16*KI16 -> 0 | KP16: 0 | KQ16: =KP16*KI16 -> 0 | KR16: 0 | KS16: =KR16*KI16 -> 0 | KT16: 0 | KU16: =KT16*KI16 -> 0 | KV16: 100 | KW16: =KV16*KI16 -> 258368.27 | KX16: =KJ16+KL16+KR16+KN16+KP16+KT16+KV16 -> 843 | KY16: =KX16*KI16 -> 2178044.5 | KZ16: =E16 -> AM-W45 | LA16: =C16 -> Head | LB16: 2583.6827 | LC16: 0 | LD16: 0 | LE16: 92 | LF16: 460107.94 | LG16: =LC16+LE16 -> 92 | LH16: =LD16+LF16 -> 460107.94 | LI16: =LH16/1.18 -> 389921.98 | LJ16: =LH16/$LH$1 -> 0.042549919 | LK16: 4034 | LL16: 2 | LM16: 10708 | LN16: =LM16/$IS$1 -> 0.010223957 | LO16: =LS16*LG16 -> 238769.52 | LP16: =E16 -> AM-W45 | LQ16: =A16 -> B0CKHVHVQ1 | LR16: =B16 -> FBA79005 | LS16: 2595.3209 | LT16: 53 | LU16: =LT16*LS16 -> 137552.01 | LV16: 676 | LW16: =LV16*LS16 -> 1754436.9 | LX16: 0 | LY16: =LX16*LS16 -> 0 | LZ16: 0 | MA16: =LZ16*LS16 -> 0 | MB16: 0 | MC16: =MB16*LS16 -> 0 | MD16: 0 | ME16: =MD16*LS16 -> 0 | MF16: 0 | MG16: =MF16*LS16 -> 0 | MH16: =LT16+LV16+MB16+LX16+LZ16+MD16+MF16 -> 729 | MI16: =MH16*LS16 -> 1891988.9 | MJ16: =E16 -> AM-W45 | MK16: Head | ML16: 2595.3209 | MM16: 1 | MN16: 4899 | MO16: 102 | MP16: 506374.9 | MQ16: =MM16+MO16 -> 103 | MR16: =MN16+MP16 -> 511273.9 | MS16: =MR16/1.18 -> 433282.97 | MT16: =MR16/$MR$1 -> 0.037477639 | MU16: 4499 | MV16: 2 | MW16: 10708 | MX16: =MW16/$IS$1 -> 0.010223957 | MY16: =MQ16*NC16 -> 267318.05 | MZ16: =E16 -> AM-W45 | NA16: =A16 -> B0CKHVHVQ1 | NB16: =B16 -> FBA79005 | NC16: =J16 -> 2595.3209 | ND16: 103 | NE16: =ND16*NC16 -> 267318.05 | NF16: 672 | NG16: =NF16*NC16 -> 1744055.6 | NH16: 18 | NI16: =NH16*NC16 -> 46715.776 | NJ16: 0 | NK16: =NJ16*NC16 -> 0 | NL16: 0 | NM16: =NL16*NC16 -> 0 | NN16: 0 | NO16: =NN16*NC16 -> 0 | NP16: 0 | NQ16: =NP16*NC16 -> 0 | NR16: =ND16+NF16+NL16+NH16+NJ16+NN16+NP16 -> 793 | NS16: =NR16*NC16 -> 2058089.5 | NT16: 46 | NU16: =E16 -> AM-W45 | NV16: Head | NW16: 2595.3209 | NX16: 7 | NY16: 36563 | NZ16: 117 | OA16: 578844 | OB16: =NX16+NZ16 -> 124 | OC16: =NY16+OA16 -> 615407 | OD16: =OC16/1.18 -> 521531.36 | OE16: =OC16/$OC$1 -> 0.043122673 | OF16: 3060 | OG16: 2 | OH16: 10708 | OI16: =OH16/$IS$1 -> 0.010223957 | OJ16: =OB16*ON16 -> 321819.79 | OK16: =E16 -> AM-W45 | OL16: =A16 -> B0CKHVHVQ1 | OM16: =B16 -> FBA79005 | ON16: =J16 -> 2595.3209 | OO16: 72 | OP16: =OO16*ON16 -> 186863.1 | OQ16: 79 | OR16: =OQ16*ON16 -> 205030.35 | OS16: 1 | OT16: =OS16*ON16 -> 2595.3209 | OU16: 0 | OV16: =OU16*ON16 -> 0 | OW16: 0 | OX16: =OW16*ON16 -> 0 | OY16: 0 | OZ16: =OY16*ON16 -> 0 | PA16: 0 | PB16: =PA16*ON16 -> 0 | PC16: =OO16+OQ16+OW16+OS16+OU16+OY16+PA16 -> 152 | PD16: =PC16*ON16 -> 394488.77 | PE16: 160 | PF16: =E16 -> AM-W45 | PG16: Head | PH16: 2595.3209 | PI16: 1 | PJ16: 5099 | PK16: 149 | PL16: 729553.81 | PM16: =PI16+PK16 -> 150 | PN16: =PJ16+PL16 -> 734652.81 | PO16: =PN16/1.18 -> 622587.13 | PP16: =PN16/$PN$1 -> 0.041384746 | PQ16: 641 | PR16: 2 | PS16: 10708 | PT16: =PS16/$IS$1 -> 0.010223957 | PU16: =PM16*PY16 -> 389298.13 | PV16: =E16 -> AM-W45 | PW16: =A16 -> B0CKHVHVQ1 | PX16: =B16 -> FBA79005 | PY16: =J16 -> 2595.3209 | PZ16: 67 | QA16: =PZ16*PY16 -> 173886.5 | QC16: =QB16*PY16 -> 0 | QD16: 1 | QE16: =QD16*PY16 -> 2595.3209 | QF16: 0 | QG16: =QF16*PY16 -> 0 | QH16: 0 | QI16: =QH16*PY16 -> 0 | QJ16: 0 | QK16: =QJ16*PY16 -> 0 | QL16: 0 | QM16: =QL16*PY16 -> 0 | QN16: =PZ16+QB16+QH16+QD16+QF16+QJ16+QL16 -> 68 | QO16: =QN16*PY16 -> 176481.82 | QP16: 418 | QQ16: =E16 -> AM-W45 | QR16: Head | QS16: 2595.3209 | QT16: 27 | QU16: 140751 | QV16: 118 | QW16: 562947 | QX16: =QT16+QV16 -> 145 | QY16: =QU16+QW16 -> 703698 | QZ16: =QY16/1.18 -> 596354.24 | RA16: =QY16/$QY$1 -> 0.037655329 | RB16: 5930 | RC16: 2 | RD16: 10708 | RE16: =RD16/$IS$1 -> 0.010223957 | RF16: =QX16*RJ16 -> 376321.53 | RG16: =E16 -> AM-W45 | RH16: =A16 -> B0CKHVHVQ1 | RI16: =B16 -> FBA79005 | RJ16: =J16 -> 2595.3209 | RK16: 19 | RL16: =RK16*RJ16 -> 49311.097 | RM16: 6 | RN16: =RM16*RJ16 -> 15571.925 | RO16: 6 | RP16: =RO16*RJ16 -> 15571.925 | RQ16: 0 | RR16: =RQ16*RJ16 -> 0 | RS16: 0 | RT16: =RS16*RJ16 -> 0 | RU16: 0 | RV16: =RU16*RJ16 -> 0 | RW16: 0 | RX16: =RW16*RJ16 -> 0 | RY16: =RK16+RM16+RS16+RO16+RQ16+RU16+RW16 -> 31 | RZ16: =RY16*RJ16 -> 80454.947 | SA16: 274 | SB16: =E16 -> AM-W45 | SC16: Head | SD16: =J16 -> 2595.3209 | SE16: 2 | SF16: 5499 | SG16: 103 | SH16: 514870 | SI16: =SE16+SG16 -> 105 | SJ16: =SF16+SH16 -> 520369 | SK16: =SJ16/1.18 -> 440990.68 | SL16: =SJ16/$SJ$1 -> 0.033337231 | SM16: 9005 | SN16: 2 | SO16: 10708 | SP16: =SO16/$IS$1 -> 0.010223957 | SQ16: =SI16*SU16 -> 272508.69 | SR16: =E16 -> AM-W45 | SS16: =A16 -> B0CKHVHVQ1 | ST16: =B16 -> FBA79005 | SU16: =J16 -> 2595.3209 | SV16: 19 | SW16: =SV16*SU16 -> 49311.097 | SX16: 10 | SY16: =SX16*SU16 -> 25953.209 | SZ16: 6 | TA16: =SZ16*SU16 -> 15571.925 | TB16: 0 | TC16: =TB16*SU16 -> 0 | TD16: 0 | TE16: =TD16*SU16 -> 0 | TF16: 0 | TG16: =TF16*SU16 -> 0 | TH16: 1000 | TI16: =TH16*SU16 -> 2595320.9 | TJ16: =SV16+SX16+TD16+SZ16+TB16+TF16+TH16 -> 1035 | TK16: =TJ16*SU16 -> 2686157.1 | TL16: 154 | TM16: =E16 -> AM-W45 | TN16: Head | TO16: =J16 -> 2595.3209 | TP16: 14 | TQ16: 70016.35 | TR16: 130 | TS16: 648890.14 | TT16: =TP16+TR16 -> 144 | TU16: =TQ16+TS16 -> 718906.49 | TV16: =TU16/1.18 -> 609242.79 | TW16: =TU16/$TU$1 -> 0.042459174 | TX16: 4533 | TY16: 2 | TZ16: 10708 | UA16: =TZ16/$IS$1 -> 0.010223957 | UB16: =TT16*J16 -> 373726.21 | UC16: =E16 -> AM-W45 | UD16: =A16 -> B0CKHVHVQ1 | UE16: =B16 -> FBA79005 | UF16: =J16 -> 2595.3209 | UG16: 1 | UH16: =UG16*J16 -> 2595.3209 | UI16: 51 | UJ16: =UI16*J16 -> 132361.36 | UK16: 6 | UL16: =UK16*J16 -> 15571.925 | UM16: 0 | UN16: =UM16*J16 -> 0 | UO16: 0 | UP16: =UO16*J16 -> 0 | UQ16: 0 | UR16: =UQ16*J16 -> 0 | US16: 1000 | UT16: =US16*J16 -> 2595320.9 | UU16: =UG16+UI16+UO16+UK16+UM16+UQ16+US16 -> 1058 | UV16: =UU16*J16 -> 2745849.5 | UW16: 19 | UX16: =E16 -> AM-W45 | UY16: Head | UZ16: =J16 -> 2595.3209 | VA16: 3 | VB16: 14997 | VC16: 48 | VD16: 239192.09 | VE16: =VA16+VC16 -> 51 | VF16: =VB16+VD16 -> 254189.09 | VG16: =VF16/1.18 -> 215414.48 | VH16: =VF16/$VF$1 -> 0.015193188 | VI16: 471 | VJ16: 2 | VK16: 10708 | VL16: =VK16/$IS$1 -> 0.010223957 | VM16: =VE16*J16 -> 132361.36 | VN16: =E16 -> AM-W45 | VO16: =A16 -> B0CKHVHVQ1 | VP16: =B16 -> FBA79005 | VQ16: =J16 -> 2595.3209 | VR16: 79 | VS16: =VR16*J16 -> 205030.35 | VT16: 775 | VU16: =VT16*J16 -> 2011373.7 | VV16: 0 | VW16: =VV16*J16 -> 0 | VX16: 0 | VY16: =VX16*J16 -> 0 | VZ16: 0 | WA16: =VZ16*J16 -> 0 | WB16: 0 | WC16: =WB16*J16 -> 0 | WD16: 0 | WE16: =WD16*J16 -> 0 | WF16: =VR16+VT16+VZ16+VV16+VX16+WB16+WD16 -> 854 | WG16: =WF16*J16 -> 2216404 | WH16: 6 | WI16: =E16 -> AM-W45 | WJ16: Head | WK16: =J16 -> 2595.3209
A17: B0DFMNGFTD | B17: FBA79449 | C17: New | D17: Audio Array | E17: AM-W36 | F17: New | H17: Microphone Wireless Handheld | I17: Wireless Microphone | J17: 3233.1 | K17: Aidi Audio | BI17: 0 | BJ17: 0 | BK17: 0 | BO17: 0 | BP17: 0 | BQ17: 0 | BZ17: 0 | CA17: 0 | CB17: 0 | CC17: 0 | CJ17: 0 | CK17: 0 | CL17: 0 | CM17: 0 | CT17: 0 | CU17: 0 | CV17: 0 | CW17: 0 | CZ17: 0 | DA17: 0 | DB17: 0 | DC17: 0 | DD17: 0 | DE17: 0 | DF17: 0 | DG17: 0 | DH17: 0 | DI17: 0 | DJ17: 0 | DK17: 0 | DL17: 0 | DM17: =DI17+DK17 -> 0 | DN17: =DJ17+DL17 -> 0 | DO17: =DN17/1.18 -> 0 | DP17: =DN17/$DN$1 -> 0 | DQ17: 0 | DR17: 0 | DS17: 0 | DT17: =DS17/$DS$1 -> 0 | DU17: =DM17*#REF! -> #REF! | DV17: =(DR17-DF17)/DF17 -> #DIV/0! | DW17: =(DM17-DB17)/DB17 -> #DIV/0! | DX17: 0 | DY17: 0 | DZ17: 0 | EA17: =DX17/DZ17 -> #DIV/0! | EB17: =DX17/DO17 -> #DIV/0! | EC17: - | ED17: - | EE17: 0 | EF17: 0 | EG17: 0 | EH17: 0 | EI17: =EE17+EG17 -> 0 | EJ17: =EF17+EH17 -> 0 | EK17: =EJ17/1.18 -> 0 | EL17: =EJ17/$EJ$1 -> 0 | EM17: 0 | EN17: 0 | EO17: 0 | EP17: =EO17/$EO$1 -> 0 | EQ17: =EI17*#REF! -> #REF! | ER17: =(EN17-DR17)/DR17 -> #DIV/0! | ES17: =(EI17-DM17)/DM17 -> #DIV/0! | EV17: 3 | EW17: 16497 | EX17: 0 | EY17: 0 | EZ17: =EV17+EX17 -> 3 | FA17: =EW17+EY17 -> 16497 | FB17: =FA17/1.18 -> 13980.508 | FC17: =FA17/$FA$1 -> 0.0016108073 | FD17: 0 | FE17: 0 | FF17: 0 | FG17: =FF17/$FF$1 -> 0 | FH17: =EZ17*#REF! -> #REF! | FI17: 16 | FJ17: 83401.8 | FK17: 0 | FL17: 0 | FM17: =FI17+FK17 -> 16 | FN17: =FJ17+FL17 -> 83401.8 | FO17: =FN17/1.18 -> 70679.492 | FP17: =FN17/$FN$1 -> 0.0064355377 | FQ17: 3196 | FR17: 34 | FS17: 172942 | FT17: =FS17/$FS$1 -> 0.010276431 | FU17: =FM17*#REF! -> #REF! | FV17: 18 | FW17: 99733 | FX17: 0 | FY17: 0 | FZ17: =FV17+FX17 -> 18 | GA17: =FW17+FY17 -> 99733 | GB17: =GA17/1.18 -> 84519.492 | GC17: =GA17/$GA$1 -> 0.0091627652 | GD17: 3522 | GE17: 25 | GF17: 131178 | GG17: =GF17/$GF$1 -> 0.010664573 | GH17: =J17*FZ17 -> 58195.8 | GI17: 18 | GJ17: 102124 | GM17: =GI17+GK17 -> 18 | GN17: =GJ17+GL17 -> 102124 | GO17: =GN17/1.18 -> 86545.763 | GP17: =GN17/$GN$1 -> 0.011361535 | GQ17: 3572 | GR17: 30 | GS17: 165725 | GT17: =GS17/$GS$1 -> 0.015719734 | GU17: =J17*GM17 -> 58195.8 | GV17: 18 | GW17: 101221.52 | GZ17: =GV17+GX17 -> 18 | HA17: =GW17+GY17 -> 101221.52 | HB17: =HA17/1.18 -> 85780.949 | HC17: =HA17/$HA$1 -> 0.012141688 | HD17: 3266 | HE17: 27 | HF17: 1548 | HG17: =HF17/$HF$1 -> 0.00013429152 | HH17: =J17*GZ17 -> 58195.8 | HI17: 7 | HJ17: 40970.31 | HM17: =HI17+HK17 -> 7 | HN17: =HJ17+HL17 -> 40970.31 | HO17: =HN17/1.18 -> 34720.602 | HP17: =HN17/$HN$1 -> 0.0048914568 | HQ17: 1576 | HR17: 8 | HS17: 39893 | HT17: =HS17/$HS$1 -> 0.0041401574 | HU17: =J17*HM17 -> 22631.7 | HV17: 1 | HW17: 5699 | HX17: 4 | HY17: 23696.005 | HZ17: =HV17+HX17 -> 5 | IA17: =HW17+HY17 -> 29395.005 | IB17: =IA17/1.18 -> 24911.021 | IC17: =IA17/$IA$1 -> 0.0023964214 | ID17: 1239 | IE17: 0 | IF17: 0 | IG17: =IF17/$IF$1 -> 0 | IH17: =IY17*HZ17 -> 16165.5 | II17: 5 | IJ17: 21178 | IK17: 7 | IL17: 41993.014 | IM17: =II17+IK17 -> 12 | IN17: =IJ17+IL17 -> 63171.014 | IO17: =IN17/1.18 -> 53534.758 | IP17: =IN17/$IN$1 -> 0.0068669032 | IQ17: 2655 | IR17: 3 | IS17: 9180 | IT17: =IS17/$IS$1 -> 0.0087650285 | IU17: =IY17*IM17 -> 38797.2 | IV17: =E17 -> AM-W36 | IW17: =A17 -> B0DFMNGFTD | IX17: =B17 -> FBA79449 | IY17: 3233.1 | IZ17: 28 | JA17: =IZ17*IY17 -> 90526.8 | JB17: 592 | JC17: =JB17*IY17 -> 1913995.2 | JD17: 0 | JE17: =JD17*IY17 -> 0 | JF17: 0 | JG17: =JF17*IY17 -> 0 | JH17: 0 | JI17: =JH17*IY17 -> 0 | JJ17: 0 | JK17: =JJ17*IY17 -> 0 | JL17: 0 | JM17: =JL17*IY17 -> 0 | JN17: =IZ17+JB17+JH17+JD17+JF17+JJ17+JL17 -> 620 | JO17: =JN17*IY17 -> 2004522 | JP17: =E17 -> AM-W36 | JQ17: =C17 -> New | JR17: 3233.1 | JS17: 9 | JT17: 53353.01 | JU17: 15 | JV17: 87884.984 | JW17: =JS17+JU17 -> 24 | JX17: =JT17+JV17 -> 141237.99 | JY17: =JX17/1.18 -> 119693.22 | JZ17: =JX17/$JX$1 -> 0.01283914 | KA17: 5296 | KB17: 3 | KC17: 9180 | KD17: =KC17/$IS$1 -> 0.0087650285 | KE17: =KI17*JW17 -> 77594.4 | KF17: =E17 -> AM-W36 | KG17: =A17 -> B0DFMNGFTD | KH17: =B17 -> FBA79449 | KI17: 3233.1 | KJ17: 12 | KK17: =KJ17*KI17 -> 38797.2 | KL17: 549 | KM17: =KL17*KI17 -> 1774971.9 | KN17: 0 | KO17: =KN17*KI17 -> 0 | KP17: 0 | KQ17: =KP17*KI17 -> 0 | KR17: 0 | KS17: =KR17*KI17 -> 0 | KT17: 0 | KU17: =KT17*KI17 -> 0 | KV17: 0 | KW17: =KV17*KI17 -> 0 | KX17: =KJ17+KL17+KR17+KN17+KP17+KT17+KV17 -> 561 | KY17: =KX17*KI17 -> 1813769.1 | KZ17: =E17 -> AM-W36 | LA17: =C17 -> New | LB17: 3233.1 | LC17: 1 | LD17: 5899 | LE17: 4 | LF17: 23595.988 | LG17: =LC17+LE17 -> 5 | LH17: =LD17+LF17 -> 29494.988 | LI17: =LH17/1.18 -> 24995.753 | LJ17: =LH17/$LH$1 -> 0.0027276411 | LK17: 2923 | LL17: 3 | LM17: 9180 | LN17: =LM17/$IS$1 -> 0.0087650285 | LO17: =LS17*LG17 -> 16165.5 | LP17: =E17 -> AM-W36 | LQ17: =A17 -> B0DFMNGFTD | LR17: =B17 -> FBA79449 | LS17: 3233.1 | LT17: 30 | LU17: =LT17*LS17 -> 96993 | LV17: 514 | LW17: =LV17*LS17 -> 1661813.4 | LX17: 0 | LY17: =LX17*LS17 -> 0 | LZ17: 0 | MA17: =LZ17*LS17 -> 0 | MB17: 0 | MC17: =MB17*LS17 -> 0 | MD17: 0 | ME17: =MD17*LS17 -> 0 | MF17: 0 | MG17: =MF17*LS17 -> 0 | MH17: =LT17+LV17+MB17+LX17+LZ17+MD17+MF17 -> 544 | MI17: =MH17*LS17 -> 1758806.4 | MJ17: =E17 -> AM-W36 | MK17: New | ML17: 3233.1 | MM17: 1 | MN17: 5803 | MO17: 11 | MP17: 63338.984 | MQ17: =MM17+MO17 -> 12 | MR17: =MN17+MP17 -> 69141.984 | MS17: =MR17/1.18 -> 58594.901 | MT17: =MR17/$MR$1 -> 0.0050682781 | MU17: 6782 | MV17: 3 | MW17: 9180 | MX17: =MW17/$IS$1 -> 0.0087650285 | MY17: =MQ17*NC17 -> 38797.2 | MZ17: =E17 -> AM-W36 | NA17: =A17 -> B0DFMNGFTD | NB17: =B17 -> FBA79449 | NC17: =J17 -> 3233.1 | ND17: 69 | NE17: =ND17*NC17 -> 223083.9 | NF17: 493 | NG17: =NF17*NC17 -> 1593918.3 | NH17: 0 | NI17: =NH17*NC17 -> 0 | NJ17: 0 | NK17: =NJ17*NC17 -> 0 | NL17: 0 | NM17: =NL17*NC17 -> 0 | NN17: 0 | NO17: =NN17*NC17 -> 0 | NP17: 0 | NQ17: =NP17*NC17 -> 0 | NR17: =ND17+NF17+NL17+NH17+NJ17+NN17+NP17 -> 562 | NS17: =NR17*NC17 -> 1817002.2 | NT17: 15 | NU17: =E17 -> AM-W36 | NV17: New | NW17: 3233.1 | NX17: 2 | NY17: 12152 | NZ17: 20 | OA17: 115878 | OB17: =NX17+NZ17 -> 22 | OC17: =NY17+OA17 -> 128030 | OD17: =OC17/1.18 -> 108500 | OE17: =OC17/$OC$1 -> 0.008971292 | OF17: 7782 | OG17: 3 | OH17: 9180 | OI17: =OH17/$IS$1 -> 0.0087650285 | OJ17: =OB17*ON17 -> 71128.2 | OK17: =E17 -> AM-W36 | OL17: =A17 -> B0DFMNGFTD | OM17: =B17 -> FBA79449 | ON17: =J17 -> 3233.1 | OO17: 56 | OP17: =OO17*ON17 -> 181053.6 | OQ17: 442 | OR17: =OQ17*ON17 -> 1429030.2 | OS17: 0 | OT17: =OS17*ON17 -> 0 | OU17: 0 | OV17: =OU17*ON17 -> 0 | OW17: 0 | OX17: =OW17*ON17 -> 0 | OY17: 0 | OZ17: =OY17*ON17 -> 0 | PA17: 0 | PB17: =PA17*ON17 -> 0 | PC17: =OO17+OQ17+OW17+OS17+OU17+OY17+PA17 -> 498 | PD17: =PC17*ON17 -> 1610083.8 | PE17: 9 | PF17: =E17 -> AM-W36 | PG17: New | PH17: 3233.1 | PI17: 5 | PJ17: 30909 | PK17: 35 | PL17: 198339.95 | PM17: =PI17+PK17 -> 40 | PN17: =PJ17+PL17 -> 229248.95 | PO17: =PN17/1.18 -> 194278.77 | PP17: =PN17/$PN$1 -> 0.01291414 | PQ17: 11181 | PR17: 3 | PS17: 9180 | PT17: =PS17/$IS$1 -> 0.0087650285 | PU17: =PM17*PY17 -> 129324 | PV17: =E17 -> AM-W36 | PW17: =A17 -> B0DFMNGFTD | PX17: =B17 -> FBA79449 | PY17: =J17 -> 3233.1 | PZ17: 50 | QA17: =PZ17*PY17 -> 161655 | QC17: =QB17*PY17 -> 0 | QD17: 0 | QE17: =QD17*PY17 -> 0 | QF17: 0 | QG17: =QF17*PY17 -> 0 | QH17: 0 | QI17: =QH17*PY17 -> 0 | QJ17: 0 | QK17: =QJ17*PY17 -> 0 | QL17: 0 | QM17: =QL17*PY17 -> 0 | QN17: =PZ17+QB17+QH17+QD17+QF17+QJ17+QL17 -> 50 | QO17: =QN17*PY17 -> 161655 | QP17: 17 | QQ17: =E17 -> AM-W36 | QR17: New | QS17: 3233.1 | QT17: 5 | QU17: 18312 | QV17: 25 | QW17: 140975 | QX17: =QT17+QV17 -> 30 | QY17: =QU17+QW17 -> 159287 | QZ17: =QY17/1.18 -> 134988.98 | RA17: =QY17/$QY$1 -> 0.0085235489 | RB17: 9583 | RC17: 3 | RD17: 9180 | RE17: =RD17/$IS$1 -> 0.0087650285 | RF17: =QX17*RJ17 -> 96993 | RG17: =E17 -> AM-W36 | RH17: =A17 -> B0DFMNGFTD | RI17: =B17 -> FBA79449 | RJ17: =J17 -> 3233.1 | RK17: 16 | RL17: =RK17*RJ17 -> 51729.6 | RM17: 376 | RN17: =RM17*RJ17 -> 1215645.6 | RO17: 1 | RP17: =RO17*RJ17 -> 3233.1 | RQ17: 0 | RR17: =RQ17*RJ17 -> 0 | RS17: 0 | RT17: =RS17*RJ17 -> 0 | RU17: 0 | RV17: =RU17*RJ17 -> 0 | RW17: 0 | RX17: =RW17*RJ17 -> 0 | RY17: =RK17+RM17+RS17+RO17+RQ17+RU17+RW17 -> 393 | RZ17: =RY17*RJ17 -> 1270608.3 | SA17: 18 | SB17: =E17 -> AM-W36 | SC17: New | SD17: =J17 -> 3233.1 | SE17: 6 | SF17: 29690 | SG17: 30 | SH17: 173910 | SI17: =SE17+SG17 -> 36 | SJ17: =SF17+SH17 -> 203600 | SK17: =SJ17/1.18 -> 172542.37 | SL17: =SJ17/$SJ$1 -> 0.013043552 | SM17: 13136 | SN17: 3 | SO17: 9180 | SP17: =SO17/$IS$1 -> 0.0087650285 | SQ17: =SI17*SU17 -> 116391.6 | SR17: =E17 -> AM-W36 | SS17: =A17 -> B0DFMNGFTD | ST17: =B17 -> FBA79449 | SU17: =J17 -> 3233.1 | SV17: 66 | SW17: =SV17*SU17 -> 213384.6 | SX17: 323 | SY17: =SX17*SU17 -> 1044291.3 | SZ17: 1 | TA17: =SZ17*SU17 -> 3233.1 | TB17: 0 | TC17: =TB17*SU17 -> 0 | TD17: 0 | TE17: =TD17*SU17 -> 0 | TF17: 0 | TG17: =TF17*SU17 -> 0 | TH17: 0 | TI17: =TH17*SU17 -> 0 | TJ17: =SV17+SX17+TD17+SZ17+TB17+TF17+TH17 -> 390 | TK17: =TJ17*SU17 -> 1260909 | TL17: 13 | TM17: =E17 -> AM-W36 | TN17: New | TO17: =J17 -> 3233.1 | TP17: 10 | TQ17: 57490 | TR17: 29 | TS17: 166720.94 | TT17: =TP17+TR17 -> 39 | TU17: =TQ17+TS17 -> 224210.94 | TV17: =TU17/1.18 -> 190009.27 | TW17: =TU17/$TU$1 -> 0.013242071 | TX17: 15052 | TY17: 3 | TZ17: 9180 | UA17: =TZ17/$IS$1 -> 0.0087650285 | UB17: =TT17*J17 -> 126090.9 | UC17: =E17 -> AM-W36 | UD17: =A17 -> B0DFMNGFTD | UE17: =B17 -> FBA79449 | UF17: =J17 -> 3233.1 | UG17: 32 | UH17: =UG17*J17 -> 103459.2 | UI17: 222 | UJ17: =UI17*J17 -> 717748.2 | UK17: 1 | UL17: =UK17*J17 -> 3233.1 | UM17: 0 | UN17: =UM17*J17 -> 0 | UO17: 0 | UP17: =UO17*J17 -> 0 | UQ17: 0 | UR17: =UQ17*J17 -> 0 | US17: 0 | UT17: =US17*J17 -> 0 | UU17: =UG17+UI17+UO17+UK17+UM17+UQ17+US17 -> 255 | UV17: =UU17*J17 -> 824440.5 | UW17: 15 | UX17: =E17 -> AM-W36 | UY17: New | UZ17: =J17 -> 3233.1 | VA17: 5 | VB17: 28895 | VC17: 34 | VD17: 193616.08 | VE17: =VA17+VC17 -> 39 | VF17: =VB17+VD17 -> 222511.08 | VG17: =VF17/1.18 -> 188568.71 | VH17: =VF17/$VF$1 -> 0.013299755 | VI17: 17572 | VJ17: 3 | VK17: 9180 | VL17: =VK17/$IS$1 -> 0.0087650285 | VM17: =VE17*J17 -> 126090.9 | VN17: =E17 -> AM-W36 | VO17: =A17 -> B0DFMNGFTD | VP17: =B17 -> FBA79449 | VQ17: =J17 -> 3233.1 | VR17: 27 | VS17: =VR17*J17 -> 87293.7 | VT17: 148 | VU17: =VT17*J17 -> 478498.8 | VV17: 0 | VW17: =VV17*J17 -> 0 | VX17: 0 | VY17: =VX17*J17 -> 0 | VZ17: 0 | WA17: =VZ17*J17 -> 0 | WB17: 0 | WC17: =WB17*J17 -> 0 | WD17: 0 | WE17: =WD17*J17 -> 0 | WF17: =VR17+VT17+VZ17+VV17+VX17+WB17+WD17 -> 175 | WG17: =WF17*J17 -> 565792.5 | WH17: 34 | WI17: =E17 -> AM-W36 | WJ17: New | WK17: =J17 -> 3233.1
A18: B0FJ2JJZL3 | B18: FBA79821 | D18: Audio Array | E18: UB-01 (AI-04, AM-S1, AA-21, AM-C2) | H18: Bundle Pack | I18: Bundle Pack | J18: 9527.5088 | NX18: 0 | NY18: 0 | NZ18: 0 | OA18: 0 | OB18: =NX18+NZ18 -> 0 | OC18: =NY18+OA18 -> 0 | OD18: =OC18/1.18 -> 0 | OE18: =OC18/$OC$1 -> 0 | OF18: NA | OG18: 0 | OH18: 0 | OI18: =OH18/$IS$1 -> 0 | OJ18: =OB18*ON18 -> 0 | OK18: =E18 -> UB-01 (AI-04, AM-S1, AA-21, AM-C2) | OL18: =A18 -> B0FJ2JJZL3 | OM18: =B18 -> FBA79821 | ON18: =J18 -> 9527.5088 | OO18: 0 | OP18: =OO18*ON18 -> 0 | OQ18: 0 | OR18: =OQ18*ON18 -> 0 | OS18: 0 | OT18: =OS18*ON18 -> 0 | OU18: 0 | OV18: =OU18*ON18 -> 0 | OW18: 0 | OX18: =OW18*ON18 -> 0 | OY18: 0 | OZ18: =OY18*ON18 -> 0 | PA18: 0 | PB18: =PA18*ON18 -> 0 | PC18: =OO18+OQ18+OW18+OS18+OU18+OY18+PA18 -> 0 | PD18: =PC18*ON18 -> 0 | PE18: 0 | PF18: =E18 -> UB-01 (AI-04, AM-S1, AA-21, AM-C2) | PG18: =H18 -> Bundle Pack | PH18: =J18 -> 9527.5088 | PI18: 1 | PJ18: 22999 | PK18: 2 | PL18: 29216.8 | PM18: =PI18+PK18 -> 3 | PN18: =PJ18+PL18 -> 52215.8 | PO18: =PN18/1.18 -> 44250.678 | PP18: =PN18/$PN$1 -> 0.0029414406 | PQ18: 96 | PR18: 0 | PS18: 0 | PT18: =PS18/$IS$1 -> 0 | PU18: =PM18*PY18 -> 28582.526 | PV18: =E18 -> UB-01 (AI-04, AM-S1, AA-21, AM-C2) | PW18: =A18 -> B0FJ2JJZL3 | PX18: =B18 -> FBA79821 | PY18: =J18 -> 9527.5088 | PZ18: 0 | QA18: =PZ18*PY18 -> 0 | QC18: =QB18*PY18 -> 0 | QD18: 0 | QE18: =QD18*PY18 -> 0 | QF18: 0 | QG18: =QF18*PY18 -> 0 | QH18: 0 | QI18: =QH18*PY18 -> 0 | QJ18: 0 | QK18: =QJ18*PY18 -> 0 | QL18: 0 | QM18: =QL18*PY18 -> 0 | QN18: =PZ18+QB18+QH18+QD18+QF18+QJ18+QL18 -> 0 | QO18: =QN18*PY18 -> 0 | QP18: 8 | QQ18: =E18 -> UB-01 (AI-04, AM-S1, AA-21, AM-C2) | QR18: =H18 -> Bundle Pack | QS18: =J18 -> 9527.5088 | QT18: 0 | QU18: 0 | QV18: 5 | QW18: 100928 | QX18: =QT18+QV18 -> 5 | QY18: =QU18+QW18 -> 100928 | QZ18: =QY18/1.18 -> 85532.203 | RA18: =QY18/$QY$1 -> 0.0054007216 | RB18: NA | RC18: 0 | RD18: 0 | RE18: =RD18/$IS$1 -> 0 | RF18: =QX18*RJ18 -> 47637.544 | RG18: =E18 -> UB-01 (AI-04, AM-S1, AA-21, AM-C2) | RH18: =A18 -> B0FJ2JJZL3 | RI18: =B18 -> FBA79821 | RJ18: =J18 -> 9527.5088 | RK18: 5 | RL18: =RK18*RJ18 -> 47637.544 | RM18: 0 | RN18: =RM18*RJ18 -> 0 | RO18: 0 | RP18: =RO18*RJ18 -> 0 | RQ18: 0 | RR18: =RQ18*RJ18 -> 0 | RS18: 0 | RT18: =RS18*RJ18 -> 0 | RU18: 0 | RV18: =RU18*RJ18 -> 0 | RW18: 0 | RX18: =RW18*RJ18 -> 0 | RY18: =RK18+RM18+RS18+RO18+RQ18+RU18+RW18 -> 5 | RZ18: =RY18*RJ18 -> 47637.544 | SA18: 2 | SB18: =E18 -> UB-01 (AI-04, AM-S1, AA-21, AM-C2) | SC18: Bundle Pack | SD18: =J18 -> 9527.5088 | SE18: 0 | SF18: 0 | SG18: 0 | SH18: 0 | SI18: =SE18+SG18 -> 0 | SJ18: =SF18+SH18 -> 0 | SK18: =SJ18/1.18 -> 0 | SL18: =SJ18/$SJ$1 -> 0 | SM18: 22457 | SN18: 0 | SO18: 0 | SP18: =SO18/$IS$1 -> 0 | SQ18: =SI18*SU18 -> 0 | SR18: =E18 -> UB-01 (AI-04, AM-S1, AA-21, AM-C2) | SS18: =A18 -> B0FJ2JJZL3 | ST18: =B18 -> FBA79821 | SU18: =J18 -> 9527.5088 | SV18: 5 | SW18: =SV18*SU18 -> 47637.544 | SX18: 0 | SY18: =SX18*SU18 -> 0 | SZ18: 0 | TA18: =SZ18*SU18 -> 0 | TB18: 0 | TC18: =TB18*SU18 -> 0 | TD18: 0 | TE18: =TD18*SU18 -> 0 | TF18: 0 | TG18: =TF18*SU18 -> 0 | TH18: 0 | TI18: =TH18*SU18 -> 0 | TJ18: =SV18+SX18+TD18+SZ18+TB18+TF18+TH18 -> 5 | TK18: =TJ18*SU18 -> 47637.544 | TL18: 2 | TM18: =E18 -> UB-01 (AI-04, AM-S1, AA-21, AM-C2) | TN18: Bundle Pack | TO18: =J18 -> 9527.5088 | TP18: 4 | TQ18: 78296 | TR18: 2 | TS18: 39346.994 | TT18: =TP18+TR18 -> 6 | TU18: =TQ18+TS18 -> 117642.99 | TV18: =TU18/1.18 -> 99697.452 | TW18: =TU18/$TU$1 -> 0.0069480862 | TX18: 8075 | TY18: 0 | TZ18: 0 | UA18: =TZ18/$IS$1 -> 0 | UB18: =TT18*J18 -> 57165.053 | UC18: =E18 -> UB-01 (AI-04, AM-S1, AA-21, AM-C2) | UD18: =A18 -> B0FJ2JJZL3 | UE18: =B18 -> FBA79821 | UF18: =J18 -> 9527.5088 | UG18: 4 | UH18: =UG18*J18 -> 38110.035 | UI18: 0 | UJ18: =UI18*J18 -> 0 | UK18: 0 | UL18: =UK18*J18 -> 0 | UM18: 0 | UN18: =UM18*J18 -> 0 | UO18: 0 | UP18: =UO18*J18 -> 0 | UQ18: 0 | UR18: =UQ18*J18 -> 0 | US18: 0 | UT18: =US18*J18 -> 0 | UU18: =UG18+UI18+UO18+UK18+UM18+UQ18+US18 -> 4 | UV18: =UU18*J18 -> 38110.035 | UW18: 0 | UX18: =E18 -> UB-01 (AI-04, AM-S1, AA-21, AM-C2) | UY18: Bundle Pack | UZ18: =J18 -> 9527.5088 | VA18: 7 | VB18: 133993 | VC18: 3 | VD18: 58497.013 | VE18: =VA18+VC18 -> 10 | VF18: =VB18+VD18 -> 192490.01 | VG18: =VF18/1.18 -> 163127.13 | VH18: =VF18/$VF$1 -> 0.01150536 | VI18: 5871 | VJ18: 0 | VK18: 0 | VL18: =VK18/$IS$1 -> 0 | VM18: =VE18*J18 -> 95275.088 | VN18: =E18 -> UB-01 (AI-04, AM-S1, AA-21, AM-C2) | VO18: =A18 -> B0FJ2JJZL3 | VP18: =B18 -> FBA79821 | VQ18: =J18 -> 9527.5088 | VR18: 17 | VS18: =VR18*J18 -> 161967.65 | VT18: 0 | VU18: =VT18*J18 -> 0 | VV18: 0 | VW18: =VV18*J18 -> 0 | VX18: 0 | VY18: =VX18*J18 -> 0 | VZ18: 0 | WA18: =VZ18*J18 -> 0 | WB18: 0 | WC18: =WB18*J18 -> 0 | WD18: 0 | WE18: =WD18*J18 -> 0 | WF18: =VR18+VT18+VZ18+VV18+VX18+WB18+WD18 -> 17 | WG18: =WF18*J18 -> 161967.65 | WH18: 14 | WI18: =E18 -> UB-01 (AI-04, AM-S1, AA-21, AM-C2) | WJ18: Bundle Pack | WK18: =J18 -> 9527.5088
